brick_id,vertices,center,initial_sets
0_36,"[(9216, 0), (9216, 256), (9472, 0), (9472, 256)]","(9344, 128)",test
20_36,"[(9216, 5120), (9216, 5376), (9472, 5120), (9472, 5376)]","(9344, 5248)",test
21_16,"[(4096, 5376), (4096, 5632), (4352, 5376), (4352, 5632)]","(4224, 5504)",test
8_11,"[(2816, 2048), (2816, 2304), (3072, 2048), (3072, 2304)]","(2944, 2176)",test
14_18,"[(4608, 3584), (4608, 3840), (4864, 3584), (4864, 3840)]","(4736, 3712)",test
2_27,"[(6912, 512), (6912, 768), (7168, 512), (7168, 768)]","(7040, 640)",test
19_17,"[(4352, 4864), (4352, 5120), (4608, 4864), (4608, 5120)]","(4480, 4992)",test
14_32,"[(8192, 3584), (8192, 3840), (8448, 3584), (8448, 3840)]","(8320, 3712)",test
19_19,"[(4864, 4864), (4864, 5120), (5120, 4864), (5120, 5120)]","(4992, 4992)",test
5_9,"[(2304, 1280), (2304, 1536), (2560, 1280), (2560, 1536)]","(2432, 1408)",test
5_23,"[(5888, 1280), (5888, 1536), (6144, 1280), (6144, 1536)]","(6016, 1408)",test
6_13,"[(3328, 1536), (3328, 1792), (3584, 1536), (3584, 1792)]","(3456, 1664)",test
9_40,"[(10240, 2304), (10240, 2560), (10496, 2304), (10496, 2560)]","(10368, 2432)",test
14_21,"[(5376, 3584), (5376, 3840), (5632, 3584), (5632, 3840)]","(5504, 3712)",test
14_35,"[(8960, 3584), (8960, 3840), (9216, 3584), (9216, 3840)]","(9088, 3712)",test
15_5,"[(1280, 3840), (1280, 4096), (1536, 3840), (1536, 4096)]","(1408, 3968)",test
11_30,"[(7680, 2816), (7680, 3072), (7936, 2816), (7936, 3072)]","(7808, 2944)",test
16_9,"[(2304, 4096), (2304, 4352), (2560, 4096), (2560, 4352)]","(2432, 4224)",test
2_16,"[(4096, 512), (4096, 768), (4352, 512), (4352, 768)]","(4224, 640)",test
3_16,"[(4096, 768), (4096, 1024), (4352, 768), (4352, 1024)]","(4224, 896)",test
12_30,"[(7680, 3072), (7680, 3328), (7936, 3072), (7936, 3328)]","(7808, 3200)",test
16_41,"[(10496, 4096), (10496, 4352), (10752, 4096), (10752, 4352)]","(10624, 4224)",test
18_25,"[(6400, 4608), (6400, 4864), (6656, 4608), (6656, 4864)]","(6528, 4736)",test
3_15,"[(3840, 768), (3840, 1024), (4096, 768), (4096, 1024)]","(3968, 896)",test
17_36,"[(9216, 4352), (9216, 4608), (9472, 4352), (9472, 4608)]","(9344, 4480)",test
18_9,"[(2304, 4608), (2304, 4864), (2560, 4608), (2560, 4864)]","(2432, 4736)",test
19_41,"[(10496, 4864), (10496, 5120), (10752, 4864), (10752, 5120)]","(10624, 4992)",test
2_20,"[(5120, 512), (5120, 768), (5376, 512), (5376, 768)]","(5248, 640)",test
13_22,"[(5632, 3328), (5632, 3584), (5888, 3328), (5888, 3584)]","(5760, 3456)",test
20_35,"[(8960, 5120), (8960, 5376), (9216, 5120), (9216, 5376)]","(9088, 5248)",test
0_10,"[(2560, 0), (2560, 256), (2816, 0), (2816, 256)]","(2688, 128)",test
2_30,"[(7680, 512), (7680, 768), (7936, 512), (7936, 768)]","(7808, 640)",test
20_10,"[(2560, 5120), (2560, 5376), (2816, 5120), (2816, 5376)]","(2688, 5248)",test
8_27,"[(6912, 2048), (6912, 2304), (7168, 2048), (7168, 2304)]","(7040, 2176)",test
16_6,"[(1536, 4096), (1536, 4352), (1792, 4096), (1792, 4352)]","(1664, 4224)",test
20_31,"[(7936, 5120), (7936, 5376), (8192, 5120), (8192, 5376)]","(8064, 5248)",test
3_33,"[(8448, 768), (8448, 1024), (8704, 768), (8704, 1024)]","(8576, 896)",test
1_26,"[(6656, 256), (6656, 512), (6912, 256), (6912, 512)]","(6784, 384)",test
11_2,"[(512, 2816), (512, 3072), (768, 2816), (768, 3072)]","(640, 2944)",test
19_14,"[(3584, 4864), (3584, 5120), (3840, 4864), (3840, 5120)]","(3712, 4992)",test
4_13,"[(3328, 1024), (3328, 1280), (3584, 1024), (3584, 1280)]","(3456, 1152)",test
15_2,"[(512, 3840), (512, 4096), (768, 3840), (768, 4096)]","(640, 3968)",test
18_8,"[(2048, 4608), (2048, 4864), (2304, 4608), (2304, 4864)]","(2176, 4736)",test
20_42,"[(10752, 5120), (10752, 5376), (11008, 5120), (11008, 5376)]","(10880, 5248)",test
19_10,"[(2560, 4864), (2560, 5120), (2816, 4864), (2816, 5120)]","(2688, 4992)",test
3_8,"[(2048, 768), (2048, 1024), (2304, 768), (2304, 1024)]","(2176, 896)",test
10_3,"[(768, 2560), (768, 2816), (1024, 2560), (1024, 2816)]","(896, 2688)",test
10_38,"[(9728, 2560), (9728, 2816), (9984, 2560), (9984, 2816)]","(9856, 2688)",test
11_28,"[(7168, 2816), (7168, 3072), (7424, 2816), (7424, 3072)]","(7296, 2944)",test
17_3,"[(768, 4352), (768, 4608), (1024, 4352), (1024, 4608)]","(896, 4480)",test
7_31,"[(7936, 1792), (7936, 2048), (8192, 1792), (8192, 2048)]","(8064, 1920)",test
10_5,"[(1280, 2560), (1280, 2816), (1536, 2560), (1536, 2816)]","(1408, 2688)",test
12_29,"[(7424, 3072), (7424, 3328), (7680, 3072), (7680, 3328)]","(7552, 3200)",test
13_3,"[(768, 3328), (768, 3584), (1024, 3328), (1024, 3584)]","(896, 3456)",test
2_36,"[(9216, 512), (9216, 768), (9472, 512), (9472, 768)]","(9344, 640)",test
11_5,"[(1280, 2816), (1280, 3072), (1536, 2816), (1536, 3072)]","(1408, 2944)",test
12_4,"[(1024, 3072), (1024, 3328), (1280, 3072), (1280, 3328)]","(1152, 3200)",test
13_24,"[(6144, 3328), (6144, 3584), (6400, 3328), (6400, 3584)]","(6272, 3456)",test
17_25,"[(6400, 4352), (6400, 4608), (6656, 4352), (6656, 4608)]","(6528, 4480)",test
21_17,"[(4352, 5376), (4352, 5632), (4608, 5376), (4608, 5632)]","(4480, 5504)",test
4_41,"[(10496, 1024), (10496, 1280), (10752, 1024), (10752, 1280)]","(10624, 1152)",test
6_37,"[(9472, 1536), (9472, 1792), (9728, 1536), (9728, 1792)]","(9600, 1664)",test
12_21,"[(5376, 3072), (5376, 3328), (5632, 3072), (5632, 3328)]","(5504, 3200)",test
17_39,"[(9984, 4352), (9984, 4608), (10240, 4352), (10240, 4608)]","(10112, 4480)",test
3_32,"[(8192, 768), (8192, 1024), (8448, 768), (8448, 1024)]","(8320, 896)",test
5_32,"[(8192, 1280), (8192, 1536), (8448, 1280), (8448, 1536)]","(8320, 1408)",test
0_3,"[(768, 0), (768, 256), (1024, 0), (1024, 256)]","(896, 128)",test
14_7,"[(1792, 3584), (1792, 3840), (2048, 3584), (2048, 3840)]","(1920, 3712)",test
17_23,"[(5888, 4352), (5888, 4608), (6144, 4352), (6144, 4608)]","(6016, 4480)",test
20_26,"[(6656, 5120), (6656, 5376), (6912, 5120), (6912, 5376)]","(6784, 5248)",test
8_29,"[(7424, 2048), (7424, 2304), (7680, 2048), (7680, 2304)]","(7552, 2176)",test
13_26,"[(6656, 3328), (6656, 3584), (6912, 3328), (6912, 3584)]","(6784, 3456)",test
18_2,"[(512, 4608), (512, 4864), (768, 4608), (768, 4864)]","(640, 4736)",test
12_34,"[(8704, 3072), (8704, 3328), (8960, 3072), (8960, 3328)]","(8832, 3200)",test
18_1,"[(256, 4608), (256, 4864), (512, 4608), (512, 4864)]","(384, 4736)",test
2_4,"[(1024, 512), (1024, 768), (1280, 512), (1280, 768)]","(1152, 640)",test
11_19,"[(4864, 2816), (4864, 3072), (5120, 2816), (5120, 3072)]","(4992, 2944)",test
11_33,"[(8448, 2816), (8448, 3072), (8704, 2816), (8704, 3072)]","(8576, 2944)",test
15_3,"[(768, 3840), (768, 4096), (1024, 3840), (1024, 4096)]","(896, 3968)",test
16_16,"[(4096, 4096), (4096, 4352), (4352, 4096), (4352, 4352)]","(4224, 4224)",test
16_42,"[(10752, 4096), (10752, 4352), (11008, 4096), (11008, 4352)]","(10880, 4224)",test
6_32,"[(8192, 1536), (8192, 1792), (8448, 1536), (8448, 1792)]","(8320, 1664)",test
0_34,"[(8704, 0), (8704, 256), (8960, 0), (8960, 256)]","(8832, 128)",test
21_36,"[(9216, 5376), (9216, 5632), (9472, 5376), (9472, 5632)]","(9344, 5504)",test
7_0,"[(0, 1792), (0, 2048), (256, 1792), (256, 2048)]","(128, 1920)",test
3_34,"[(8704, 768), (8704, 1024), (8960, 768), (8960, 1024)]","(8832, 896)",test
8_8,"[(2048, 2048), (2048, 2304), (2304, 2048), (2304, 2304)]","(2176, 2176)",test
10_34,"[(8704, 2560), (8704, 2816), (8960, 2560), (8960, 2816)]","(8832, 2688)",test
13_40,"[(10240, 3328), (10240, 3584), (10496, 3328), (10496, 3584)]","(10368, 3456)",test
4_26,"[(6656, 1024), (6656, 1280), (6912, 1024), (6912, 1280)]","(6784, 1152)",test
8_18,"[(4608, 2048), (4608, 2304), (4864, 2048), (4864, 2304)]","(4736, 2176)",test
9_33,"[(8448, 2304), (8448, 2560), (8704, 2304), (8704, 2560)]","(8576, 2432)",test
11_26,"[(6656, 2816), (6656, 3072), (6912, 2816), (6912, 3072)]","(6784, 2944)",test
3_37,"[(9472, 768), (9472, 1024), (9728, 768), (9728, 1024)]","(9600, 896)",test
4_14,"[(3584, 1024), (3584, 1280), (3840, 1024), (3840, 1280)]","(3712, 1152)",test
4_9,"[(2304, 1024), (2304, 1280), (2560, 1024), (2560, 1280)]","(2432, 1152)",test
7_4,"[(1024, 1792), (1024, 2048), (1280, 1792), (1280, 2048)]","(1152, 1920)",test
1_5,"[(1280, 256), (1280, 512), (1536, 256), (1536, 512)]","(1408, 384)",test
19_32,"[(8192, 4864), (8192, 5120), (8448, 4864), (8448, 5120)]","(8320, 4992)",test
20_41,"[(10496, 5120), (10496, 5376), (10752, 5120), (10752, 5376)]","(10624, 5248)",test
6_15,"[(3840, 1536), (3840, 1792), (4096, 1536), (4096, 1792)]","(3968, 1664)",test
20_9,"[(2304, 5120), (2304, 5376), (2560, 5120), (2560, 5376)]","(2432, 5248)",test
3_29,"[(7424, 768), (7424, 1024), (7680, 768), (7680, 1024)]","(7552, 896)",test
0_18,"[(4608, 0), (4608, 256), (4864, 0), (4864, 256)]","(4736, 128)",test
13_30,"[(7680, 3328), (7680, 3584), (7936, 3328), (7936, 3584)]","(7808, 3456)",test
2_28,"[(7168, 512), (7168, 768), (7424, 512), (7424, 768)]","(7296, 640)",test
0_24,"[(6144, 0), (6144, 256), (6400, 0), (6400, 256)]","(6272, 128)",test
0_39,"[(9984, 0), (9984, 256), (10240, 0), (10240, 256)]","(10112, 128)",test
6_4,"[(1024, 1536), (1024, 1792), (1280, 1536), (1280, 1792)]","(1152, 1664)",test
9_18,"[(4608, 2304), (4608, 2560), (4864, 2304), (4864, 2560)]","(4736, 2432)",test
14_29,"[(7424, 3584), (7424, 3840), (7680, 3584), (7680, 3840)]","(7552, 3712)",test
16_2,"[(512, 4096), (512, 4352), (768, 4096), (768, 4352)]","(640, 4224)",test
2_0,"[(0, 512), (0, 768), (256, 512), (256, 768)]","(128, 640)",test
3_23,"[(5888, 768), (5888, 1024), (6144, 768), (6144, 1024)]","(6016, 896)",test
5_40,"[(10240, 1280), (10240, 1536), (10496, 1280), (10496, 1536)]","(10368, 1408)",test
9_37,"[(9472, 2304), (9472, 2560), (9728, 2304), (9728, 2560)]","(9600, 2432)",test
1_15,"[(3840, 256), (3840, 512), (4096, 256), (4096, 512)]","(3968, 384)",test
11_15,"[(3840, 2816), (3840, 3072), (4096, 2816), (4096, 3072)]","(3968, 2944)",test
14_38,"[(9728, 3584), (9728, 3840), (9984, 3584), (9984, 3840)]","(9856, 3712)",test
16_0,"[(0, 4096), (0, 4352), (256, 4096), (256, 4352)]","(128, 4224)",test
21_21,"[(5376, 5376), (5376, 5632), (5632, 5376), (5632, 5632)]","(5504, 5504)",test
4_21,"[(5376, 1024), (5376, 1280), (5632, 1024), (5632, 1280)]","(5504, 1152)",test
18_41,"[(10496, 4608), (10496, 4864), (10752, 4608), (10752, 4864)]","(10624, 4736)",test
8_38,"[(9728, 2048), (9728, 2304), (9984, 2048), (9984, 2304)]","(9856, 2176)",test
1_24,"[(6144, 256), (6144, 512), (6400, 256), (6400, 512)]","(6272, 384)",test
1_29,"[(7424, 256), (7424, 512), (7680, 256), (7680, 512)]","(7552, 384)",test
12_16,"[(4096, 3072), (4096, 3328), (4352, 3072), (4352, 3328)]","(4224, 3200)",test
19_0,"[(0, 4864), (0, 5120), (256, 4864), (256, 5120)]","(128, 4992)",test
19_8,"[(2048, 4864), (2048, 5120), (2304, 4864), (2304, 5120)]","(2176, 4992)",test
21_18,"[(4608, 5376), (4608, 5632), (4864, 5376), (4864, 5632)]","(4736, 5504)",test
5_26,"[(6656, 1280), (6656, 1536), (6912, 1280), (6912, 1536)]","(6784, 1408)",test
16_26,"[(6656, 4096), (6656, 4352), (6912, 4096), (6912, 4352)]","(6784, 4224)",test
17_37,"[(9472, 4352), (9472, 4608), (9728, 4352), (9728, 4608)]","(9600, 4480)",test
19_3,"[(768, 4864), (768, 5120), (1024, 4864), (1024, 5120)]","(896, 4992)",test
20_8,"[(2048, 5120), (2048, 5376), (2304, 5120), (2304, 5376)]","(2176, 5248)",test
8_22,"[(5632, 2048), (5632, 2304), (5888, 2048), (5888, 2304)]","(5760, 2176)",test
9_34,"[(8704, 2304), (8704, 2560), (8960, 2304), (8960, 2560)]","(8832, 2432)",test
11_6,"[(1536, 2816), (1536, 3072), (1792, 2816), (1792, 3072)]","(1664, 2944)",test
14_23,"[(5888, 3584), (5888, 3840), (6144, 3584), (6144, 3840)]","(6016, 3712)",test
14_40,"[(10240, 3584), (10240, 3840), (10496, 3584), (10496, 3840)]","(10368, 3712)",test
21_9,"[(2304, 5376), (2304, 5632), (2560, 5376), (2560, 5632)]","(2432, 5504)",test
5_19,"[(4864, 1280), (4864, 1536), (5120, 1280), (5120, 1536)]","(4992, 1408)",test
5_22,"[(5632, 1280), (5632, 1536), (5888, 1280), (5888, 1536)]","(5760, 1408)",test
18_15,"[(3840, 4608), (3840, 4864), (4096, 4608), (4096, 4864)]","(3968, 4736)",test
12_33,"[(8448, 3072), (8448, 3328), (8704, 3072), (8704, 3328)]","(8576, 3200)",test
13_11,"[(2816, 3328), (2816, 3584), (3072, 3328), (3072, 3584)]","(2944, 3456)",test
21_0,"[(0, 5376), (0, 5632), (256, 5376), (256, 5632)]","(128, 5504)",test
7_18,"[(4608, 1792), (4608, 2048), (4864, 1792), (4864, 2048)]","(4736, 1920)",test
10_15,"[(3840, 2560), (3840, 2816), (4096, 2560), (4096, 2816)]","(3968, 2688)",test
15_13,"[(3328, 3840), (3328, 4096), (3584, 3840), (3584, 4096)]","(3456, 3968)",test
16_32,"[(8192, 4096), (8192, 4352), (8448, 4096), (8448, 4352)]","(8320, 4224)",test
17_18,"[(4608, 4352), (4608, 4608), (4864, 4352), (4864, 4608)]","(4736, 4480)",test
4_1,"[(256, 1024), (256, 1280), (512, 1024), (512, 1280)]","(384, 1152)",test
6_22,"[(5632, 1536), (5632, 1792), (5888, 1536), (5888, 1792)]","(5760, 1664)",test
7_21,"[(5376, 1792), (5376, 2048), (5632, 1792), (5632, 2048)]","(5504, 1920)",test
0_30,"[(7680, 0), (7680, 256), (7936, 0), (7936, 256)]","(7808, 128)",test
11_29,"[(7424, 2816), (7424, 3072), (7680, 2816), (7680, 3072)]","(7552, 2944)",test
12_14,"[(3584, 3072), (3584, 3328), (3840, 3072), (3840, 3328)]","(3712, 3200)",test
19_20,"[(5120, 4864), (5120, 5120), (5376, 4864), (5376, 5120)]","(5248, 4992)",test
2_42,"[(10752, 512), (10752, 768), (11008, 512), (11008, 768)]","(10880, 640)",test
5_17,"[(4352, 1280), (4352, 1536), (4608, 1280), (4608, 1536)]","(4480, 1408)",test
5_21,"[(5376, 1280), (5376, 1536), (5632, 1280), (5632, 1536)]","(5504, 1408)",test
11_18,"[(4608, 2816), (4608, 3072), (4864, 2816), (4864, 3072)]","(4736, 2944)",test
5_12,"[(3072, 1280), (3072, 1536), (3328, 1280), (3328, 1536)]","(3200, 1408)",test
7_14,"[(3584, 1792), (3584, 2048), (3840, 1792), (3840, 2048)]","(3712, 1920)",test
19_24,"[(6144, 4864), (6144, 5120), (6400, 4864), (6400, 5120)]","(6272, 4992)",test
1_20,"[(5120, 256), (5120, 512), (5376, 256), (5376, 512)]","(5248, 384)",test
1_4,"[(1024, 256), (1024, 512), (1280, 256), (1280, 512)]","(1152, 384)",test
13_32,"[(8192, 3328), (8192, 3584), (8448, 3328), (8448, 3584)]","(8320, 3456)",test
14_22,"[(5632, 3584), (5632, 3840), (5888, 3584), (5888, 3840)]","(5760, 3712)",test
3_18,"[(4608, 768), (4608, 1024), (4864, 768), (4864, 1024)]","(4736, 896)",test
12_41,"[(10496, 3072), (10496, 3328), (10752, 3072), (10752, 3328)]","(10624, 3200)",test
8_31,"[(7936, 2048), (7936, 2304), (8192, 2048), (8192, 2304)]","(8064, 2176)",test
15_33,"[(8448, 3840), (8448, 4096), (8704, 3840), (8704, 4096)]","(8576, 3968)",test
3_5,"[(1280, 768), (1280, 1024), (1536, 768), (1536, 1024)]","(1408, 896)",test
4_36,"[(9216, 1024), (9216, 1280), (9472, 1024), (9472, 1280)]","(9344, 1152)",test
7_8,"[(2048, 1792), (2048, 2048), (2304, 1792), (2304, 2048)]","(2176, 1920)",test
0_41,"[(10496, 0), (10496, 256), (10752, 0), (10752, 256)]","(10624, 128)",test
12_28,"[(7168, 3072), (7168, 3328), (7424, 3072), (7424, 3328)]","(7296, 3200)",test
13_36,"[(9216, 3328), (9216, 3584), (9472, 3328), (9472, 3584)]","(9344, 3456)",test
17_14,"[(3584, 4352), (3584, 4608), (3840, 4352), (3840, 4608)]","(3712, 4480)",test
7_27,"[(6912, 1792), (6912, 2048), (7168, 1792), (7168, 2048)]","(7040, 1920)",test
1_28,"[(7168, 256), (7168, 512), (7424, 256), (7424, 512)]","(7296, 384)",test
10_26,"[(6656, 2560), (6656, 2816), (6912, 2560), (6912, 2816)]","(6784, 2688)",test
11_16,"[(4096, 2816), (4096, 3072), (4352, 2816), (4352, 3072)]","(4224, 2944)",test
21_19,"[(4864, 5376), (4864, 5632), (5120, 5376), (5120, 5632)]","(4992, 5504)",test
7_16,"[(4096, 1792), (4096, 2048), (4352, 1792), (4352, 2048)]","(4224, 1920)",test
0_6,"[(1536, 0), (1536, 256), (1792, 0), (1792, 256)]","(1664, 128)",test
15_7,"[(1792, 3840), (1792, 4096), (2048, 3840), (2048, 4096)]","(1920, 3968)",test
18_4,"[(1024, 4608), (1024, 4864), (1280, 4608), (1280, 4864)]","(1152, 4736)",test
19_34,"[(8704, 4864), (8704, 5120), (8960, 4864), (8960, 5120)]","(8832, 4992)",test
18_36,"[(9216, 4608), (9216, 4864), (9472, 4608), (9472, 4864)]","(9344, 4736)",test
19_11,"[(2816, 4864), (2816, 5120), (3072, 4864), (3072, 5120)]","(2944, 4992)",test
2_35,"[(8960, 512), (8960, 768), (9216, 512), (9216, 768)]","(9088, 640)",test
5_11,"[(2816, 1280), (2816, 1536), (3072, 1280), (3072, 1536)]","(2944, 1408)",test
14_0,"[(0, 3584), (0, 3840), (256, 3584), (256, 3840)]","(128, 3712)",test
20_25,"[(6400, 5120), (6400, 5376), (6656, 5120), (6656, 5376)]","(6528, 5248)",test
21_22,"[(5632, 5376), (5632, 5632), (5888, 5376), (5888, 5632)]","(5760, 5504)",test
7_25,"[(6400, 1792), (6400, 2048), (6656, 1792), (6656, 2048)]","(6528, 1920)",test
9_3,"[(768, 2304), (768, 2560), (1024, 2304), (1024, 2560)]","(896, 2432)",test
10_41,"[(10496, 2560), (10496, 2816), (10752, 2560), (10752, 2816)]","(10624, 2688)",test
11_24,"[(6144, 2816), (6144, 3072), (6400, 2816), (6400, 3072)]","(6272, 2944)",test
17_17,"[(4352, 4352), (4352, 4608), (4608, 4352), (4608, 4608)]","(4480, 4480)",test
2_18,"[(4608, 512), (4608, 768), (4864, 512), (4864, 768)]","(4736, 640)",test
14_12,"[(3072, 3584), (3072, 3840), (3328, 3584), (3328, 3840)]","(3200, 3712)",test
10_1,"[(256, 2560), (256, 2816), (512, 2560), (512, 2816)]","(384, 2688)",test
17_33,"[(8448, 4352), (8448, 4608), (8704, 4352), (8704, 4608)]","(8576, 4480)",test
20_5,"[(1280, 5120), (1280, 5376), (1536, 5120), (1536, 5376)]","(1408, 5248)",test
5_34,"[(8704, 1280), (8704, 1536), (8960, 1280), (8960, 1536)]","(8832, 1408)",test
6_6,"[(1536, 1536), (1536, 1792), (1792, 1536), (1792, 1792)]","(1664, 1664)",test
6_9,"[(2304, 1536), (2304, 1792), (2560, 1536), (2560, 1792)]","(2432, 1664)",test
7_30,"[(7680, 1792), (7680, 2048), (7936, 1792), (7936, 2048)]","(7808, 1920)",test
0_0,"[(0, 0), (0, 256), (256, 0), (256, 256)]","(128, 128)",test
10_10,"[(2560, 2560), (2560, 2816), (2816, 2560), (2816, 2816)]","(2688, 2688)",test
18_33,"[(8448, 4608), (8448, 4864), (8704, 4608), (8704, 4864)]","(8576, 4736)",test
20_20,"[(5120, 5120), (5120, 5376), (5376, 5120), (5376, 5376)]","(5248, 5248)",test
4_34,"[(8704, 1024), (8704, 1280), (8960, 1024), (8960, 1280)]","(8832, 1152)",test
9_10,"[(2560, 2304), (2560, 2560), (2816, 2304), (2816, 2560)]","(2688, 2432)",test
10_39,"[(9984, 2560), (9984, 2816), (10240, 2560), (10240, 2816)]","(10112, 2688)",test
13_29,"[(7424, 3328), (7424, 3584), (7680, 3328), (7680, 3584)]","(7552, 3456)",test
4_24,"[(6144, 1024), (6144, 1280), (6400, 1024), (6400, 1280)]","(6272, 1152)",test
4_7,"[(1792, 1024), (1792, 1280), (2048, 1024), (2048, 1280)]","(1920, 1152)",test
14_15,"[(3840, 3584), (3840, 3840), (4096, 3584), (4096, 3840)]","(3968, 3712)",test
16_8,"[(2048, 4096), (2048, 4352), (2304, 4096), (2304, 4352)]","(2176, 4224)",test
2_25,"[(6400, 512), (6400, 768), (6656, 512), (6656, 768)]","(6528, 640)",test
7_15,"[(3840, 1792), (3840, 2048), (4096, 1792), (4096, 2048)]","(3968, 1920)",test
8_24,"[(6144, 2048), (6144, 2304), (6400, 2048), (6400, 2304)]","(6272, 2176)",test
8_37,"[(9472, 2048), (9472, 2304), (9728, 2048), (9728, 2304)]","(9600, 2176)",test
8_39,"[(9984, 2048), (9984, 2304), (10240, 2048), (10240, 2304)]","(10112, 2176)",test
9_22,"[(5632, 2304), (5632, 2560), (5888, 2304), (5888, 2560)]","(5760, 2432)",test
0_40,"[(10240, 0), (10240, 256), (10496, 0), (10496, 256)]","(10368, 128)",test
3_12,"[(3072, 768), (3072, 1024), (3328, 768), (3328, 1024)]","(3200, 896)",test
3_19,"[(4864, 768), (4864, 1024), (5120, 768), (5120, 1024)]","(4992, 896)",test
4_12,"[(3072, 1024), (3072, 1280), (3328, 1024), (3328, 1280)]","(3200, 1152)",test
16_38,"[(9728, 4096), (9728, 4352), (9984, 4096), (9984, 4352)]","(9856, 4224)",test
17_8,"[(2048, 4352), (2048, 4608), (2304, 4352), (2304, 4608)]","(2176, 4480)",test
7_23,"[(5888, 1792), (5888, 2048), (6144, 1792), (6144, 2048)]","(6016, 1920)",test
8_15,"[(3840, 2048), (3840, 2304), (4096, 2048), (4096, 2304)]","(3968, 2176)",test
11_22,"[(5632, 2816), (5632, 3072), (5888, 2816), (5888, 3072)]","(5760, 2944)",test
20_13,"[(3328, 5120), (3328, 5376), (3584, 5120), (3584, 5376)]","(3456, 5248)",test
20_22,"[(5632, 5120), (5632, 5376), (5888, 5120), (5888, 5376)]","(5760, 5248)",test
6_23,"[(5888, 1536), (5888, 1792), (6144, 1536), (6144, 1792)]","(6016, 1664)",test
0_22,"[(5632, 0), (5632, 256), (5888, 0), (5888, 256)]","(5760, 128)",test
17_5,"[(1280, 4352), (1280, 4608), (1536, 4352), (1536, 4608)]","(1408, 4480)",test
15_28,"[(7168, 3840), (7168, 4096), (7424, 3840), (7424, 4096)]","(7296, 3968)",test
19_28,"[(7168, 4864), (7168, 5120), (7424, 4864), (7424, 5120)]","(7296, 4992)",test
20_37,"[(9472, 5120), (9472, 5376), (9728, 5120), (9728, 5376)]","(9600, 5248)",test
6_39,"[(9984, 1536), (9984, 1792), (10240, 1536), (10240, 1792)]","(10112, 1664)",test
7_33,"[(8448, 1792), (8448, 2048), (8704, 1792), (8704, 2048)]","(8576, 1920)",test
20_24,"[(6144, 5120), (6144, 5376), (6400, 5120), (6400, 5376)]","(6272, 5248)",test
21_41,"[(10496, 5376), (10496, 5632), (10752, 5376), (10752, 5632)]","(10624, 5504)",test
13_12,"[(3072, 3328), (3072, 3584), (3328, 3328), (3328, 3584)]","(3200, 3456)",test
21_29,"[(7424, 5376), (7424, 5632), (7680, 5376), (7680, 5632)]","(7552, 5504)",test
3_10,"[(2560, 768), (2560, 1024), (2816, 768), (2816, 1024)]","(2688, 896)",test
8_42,"[(10752, 2048), (10752, 2304), (11008, 2048), (11008, 2304)]","(10880, 2176)",test
1_37,"[(9472, 256), (9472, 512), (9728, 256), (9728, 512)]","(9600, 384)",test
19_27,"[(6912, 4864), (6912, 5120), (7168, 4864), (7168, 5120)]","(7040, 4992)",test
9_29,"[(7424, 2304), (7424, 2560), (7680, 2304), (7680, 2560)]","(7552, 2432)",test
18_24,"[(6144, 4608), (6144, 4864), (6400, 4608), (6400, 4864)]","(6272, 4736)",test
6_29,"[(7424, 1536), (7424, 1792), (7680, 1536), (7680, 1792)]","(7552, 1664)",test
9_2,"[(512, 2304), (512, 2560), (768, 2304), (768, 2560)]","(640, 2432)",test
1_38,"[(9728, 256), (9728, 512), (9984, 256), (9984, 512)]","(9856, 384)",test
12_13,"[(3328, 3072), (3328, 3328), (3584, 3072), (3584, 3328)]","(3456, 3200)",test
7_36,"[(9216, 1792), (9216, 2048), (9472, 1792), (9472, 2048)]","(9344, 1920)",test
12_0,"[(0, 3072), (0, 3328), (256, 3072), (256, 3328)]","(128, 3200)",test
4_3,"[(768, 1024), (768, 1280), (1024, 1024), (1024, 1280)]","(896, 1152)",test
13_5,"[(1280, 3328), (1280, 3584), (1536, 3328), (1536, 3584)]","(1408, 3456)",test
15_37,"[(9472, 3840), (9472, 4096), (9728, 3840), (9728, 4096)]","(9600, 3968)",test
21_37,"[(9472, 5376), (9472, 5632), (9728, 5376), (9728, 5632)]","(9600, 5504)",test
4_4,"[(1024, 1024), (1024, 1280), (1280, 1024), (1280, 1280)]","(1152, 1152)",test
15_16,"[(4096, 3840), (4096, 4096), (4352, 3840), (4352, 4096)]","(4224, 3968)",test
16_34,"[(8704, 4096), (8704, 4352), (8960, 4096), (8960, 4352)]","(8832, 4224)",test
19_23,"[(5888, 4864), (5888, 5120), (6144, 4864), (6144, 5120)]","(6016, 4992)",test
19_25,"[(6400, 4864), (6400, 5120), (6656, 4864), (6656, 5120)]","(6528, 4992)",test
6_34,"[(8704, 1536), (8704, 1792), (8960, 1536), (8960, 1792)]","(8832, 1664)",test
8_33,"[(8448, 2048), (8448, 2304), (8704, 2048), (8704, 2304)]","(8576, 2176)",test
1_8,"[(2048, 256), (2048, 512), (2304, 256), (2304, 512)]","(2176, 384)",test
10_37,"[(9472, 2560), (9472, 2816), (9728, 2560), (9728, 2816)]","(9600, 2688)",test
18_16,"[(4096, 4608), (4096, 4864), (4352, 4608), (4352, 4864)]","(4224, 4736)",test
3_39,"[(9984, 768), (9984, 1024), (10240, 768), (10240, 1024)]","(10112, 896)",test
21_35,"[(8960, 5376), (8960, 5632), (9216, 5376), (9216, 5632)]","(9088, 5504)",test
9_15,"[(3840, 2304), (3840, 2560), (4096, 2304), (4096, 2560)]","(3968, 2432)",test
1_36,"[(9216, 256), (9216, 512), (9472, 256), (9472, 512)]","(9344, 384)",test
10_21,"[(5376, 2560), (5376, 2816), (5632, 2560), (5632, 2816)]","(5504, 2688)",test
21_13,"[(3328, 5376), (3328, 5632), (3584, 5376), (3584, 5632)]","(3456, 5504)",test
3_9,"[(2304, 768), (2304, 1024), (2560, 768), (2560, 1024)]","(2432, 896)",test
4_18,"[(4608, 1024), (4608, 1280), (4864, 1024), (4864, 1280)]","(4736, 1152)",test
4_27,"[(6912, 1024), (6912, 1280), (7168, 1024), (7168, 1280)]","(7040, 1152)",test
7_38,"[(9728, 1792), (9728, 2048), (9984, 1792), (9984, 2048)]","(9856, 1920)",test
11_40,"[(10240, 2816), (10240, 3072), (10496, 2816), (10496, 3072)]","(10368, 2944)",test
16_12,"[(3072, 4096), (3072, 4352), (3328, 4096), (3328, 4352)]","(3200, 4224)",test
5_18,"[(4608, 1280), (4608, 1536), (4864, 1280), (4864, 1536)]","(4736, 1408)",test
8_5,"[(1280, 2048), (1280, 2304), (1536, 2048), (1536, 2304)]","(1408, 2176)",test
12_19,"[(4864, 3072), (4864, 3328), (5120, 3072), (5120, 3328)]","(4992, 3200)",test
13_25,"[(6400, 3328), (6400, 3584), (6656, 3328), (6656, 3584)]","(6528, 3456)",test
6_33,"[(8448, 1536), (8448, 1792), (8704, 1536), (8704, 1792)]","(8576, 1664)",test
7_28,"[(7168, 1792), (7168, 2048), (7424, 1792), (7424, 2048)]","(7296, 1920)",test
1_11,"[(2816, 256), (2816, 512), (3072, 256), (3072, 512)]","(2944, 384)",test
10_17,"[(4352, 2560), (4352, 2816), (4608, 2560), (4608, 2816)]","(4480, 2688)",test
3_41,"[(10496, 768), (10496, 1024), (10752, 768), (10752, 1024)]","(10624, 896)",test
5_42,"[(10752, 1280), (10752, 1536), (11008, 1280), (11008, 1536)]","(10880, 1408)",test
21_24,"[(6144, 5376), (6144, 5632), (6400, 5376), (6400, 5632)]","(6272, 5504)",test
8_25,"[(6400, 2048), (6400, 2304), (6656, 2048), (6656, 2304)]","(6528, 2176)",test
9_16,"[(4096, 2304), (4096, 2560), (4352, 2304), (4352, 2560)]","(4224, 2432)",test
9_42,"[(10752, 2304), (10752, 2560), (11008, 2304), (11008, 2560)]","(10880, 2432)",test
1_3,"[(768, 256), (768, 512), (1024, 256), (1024, 512)]","(896, 384)",test
21_30,"[(7680, 5376), (7680, 5632), (7936, 5376), (7936, 5632)]","(7808, 5504)",test
3_6,"[(1536, 768), (1536, 1024), (1792, 768), (1792, 1024)]","(1664, 896)",test
14_24,"[(6144, 3584), (6144, 3840), (6400, 3584), (6400, 3840)]","(6272, 3712)",test
13_15,"[(3840, 3328), (3840, 3584), (4096, 3328), (4096, 3584)]","(3968, 3456)",test
13_27,"[(6912, 3328), (6912, 3584), (7168, 3328), (7168, 3584)]","(7040, 3456)",test
15_36,"[(9216, 3840), (9216, 4096), (9472, 3840), (9472, 4096)]","(9344, 3968)",test
18_18,"[(4608, 4608), (4608, 4864), (4864, 4608), (4864, 4864)]","(4736, 4736)",test
19_15,"[(3840, 4864), (3840, 5120), (4096, 4864), (4096, 5120)]","(3968, 4992)",test
2_19,"[(4864, 512), (4864, 768), (5120, 512), (5120, 768)]","(4992, 640)",test
21_1,"[(256, 5376), (256, 5632), (512, 5376), (512, 5632)]","(384, 5504)",test
6_31,"[(7936, 1536), (7936, 1792), (8192, 1536), (8192, 1792)]","(8064, 1664)",test
8_35,"[(8960, 2048), (8960, 2304), (9216, 2048), (9216, 2304)]","(9088, 2176)",test
9_38,"[(9728, 2304), (9728, 2560), (9984, 2304), (9984, 2560)]","(9856, 2432)",test
9_7,"[(1792, 2304), (1792, 2560), (2048, 2304), (2048, 2560)]","(1920, 2432)",test
1_41,"[(10496, 256), (10496, 512), (10752, 256), (10752, 512)]","(10624, 384)",test
12_5,"[(1280, 3072), (1280, 3328), (1536, 3072), (1536, 3328)]","(1408, 3200)",test
13_2,"[(512, 3328), (512, 3584), (768, 3328), (768, 3584)]","(640, 3456)",test
21_14,"[(3584, 5376), (3584, 5632), (3840, 5376), (3840, 5632)]","(3712, 5504)",test
4_8,"[(2048, 1024), (2048, 1280), (2304, 1024), (2304, 1280)]","(2176, 1152)",test
5_1,"[(256, 1280), (256, 1536), (512, 1280), (512, 1536)]","(384, 1408)",test
8_21,"[(5376, 2048), (5376, 2304), (5632, 2048), (5632, 2304)]","(5504, 2176)",test
8_28,"[(7168, 2048), (7168, 2304), (7424, 2048), (7424, 2304)]","(7296, 2176)",test
1_39,"[(9984, 256), (9984, 512), (10240, 256), (10240, 512)]","(10112, 384)",test
10_18,"[(4608, 2560), (4608, 2816), (4864, 2560), (4864, 2816)]","(4736, 2688)",test
12_37,"[(9472, 3072), (9472, 3328), (9728, 3072), (9728, 3328)]","(9600, 3200)",test
16_19,"[(4864, 4096), (4864, 4352), (5120, 4096), (5120, 4352)]","(4992, 4224)",test
4_29,"[(7424, 1024), (7424, 1280), (7680, 1024), (7680, 1280)]","(7552, 1152)",test
7_32,"[(8192, 1792), (8192, 2048), (8448, 1792), (8448, 2048)]","(8320, 1920)",test
19_2,"[(512, 4864), (512, 5120), (768, 4864), (768, 5120)]","(640, 4992)",test
2_33,"[(8448, 512), (8448, 768), (8704, 512), (8704, 768)]","(8576, 640)",test
21_8,"[(2048, 5376), (2048, 5632), (2304, 5376), (2304, 5632)]","(2176, 5504)",test
16_15,"[(3840, 4096), (3840, 4352), (4096, 4096), (4096, 4352)]","(3968, 4224)",test
17_26,"[(6656, 4352), (6656, 4608), (6912, 4352), (6912, 4608)]","(6784, 4480)",test
18_38,"[(9728, 4608), (9728, 4864), (9984, 4608), (9984, 4864)]","(9856, 4736)",test
4_10,"[(2560, 1024), (2560, 1280), (2816, 1024), (2816, 1280)]","(2688, 1152)",test
8_10,"[(2560, 2048), (2560, 2304), (2816, 2048), (2816, 2304)]","(2688, 2176)",test
11_36,"[(9216, 2816), (9216, 3072), (9472, 2816), (9472, 3072)]","(9344, 2944)",test
2_11,"[(2816, 512), (2816, 768), (3072, 512), (3072, 768)]","(2944, 640)",test
4_40,"[(10240, 1024), (10240, 1280), (10496, 1024), (10496, 1280)]","(10368, 1152)",test
17_38,"[(9728, 4352), (9728, 4608), (9984, 4352), (9984, 4608)]","(9856, 4480)",test
6_2,"[(512, 1536), (512, 1792), (768, 1536), (768, 1792)]","(640, 1664)",test
18_31,"[(7936, 4608), (7936, 4864), (8192, 4608), (8192, 4864)]","(8064, 4736)",test
2_15,"[(3840, 512), (3840, 768), (4096, 512), (4096, 768)]","(3968, 640)",test
3_2,"[(512, 768), (512, 1024), (768, 768), (768, 1024)]","(640, 896)",test
7_34,"[(8704, 1792), (8704, 2048), (8960, 1792), (8960, 2048)]","(8832, 1920)",test
9_19,"[(4864, 2304), (4864, 2560), (5120, 2304), (5120, 2560)]","(4992, 2432)",test
10_13,"[(3328, 2560), (3328, 2816), (3584, 2560), (3584, 2816)]","(3456, 2688)",test
12_25,"[(6400, 3072), (6400, 3328), (6656, 3072), (6656, 3328)]","(6528, 3200)",test
21_26,"[(6656, 5376), (6656, 5632), (6912, 5376), (6912, 5632)]","(6784, 5504)",test
21_42,"[(10752, 5376), (10752, 5632), (11008, 5376), (11008, 5632)]","(10880, 5504)",test
6_8,"[(2048, 1536), (2048, 1792), (2304, 1536), (2304, 1792)]","(2176, 1664)",test
8_17,"[(4352, 2048), (4352, 2304), (4608, 2048), (4608, 2304)]","(4480, 2176)",test
1_7,"[(1792, 256), (1792, 512), (2048, 256), (2048, 512)]","(1920, 384)",test
15_10,"[(2560, 3840), (2560, 4096), (2816, 3840), (2816, 4096)]","(2688, 3968)",test
15_6,"[(1536, 3840), (1536, 4096), (1792, 3840), (1792, 4096)]","(1664, 3968)",test
18_30,"[(7680, 4608), (7680, 4864), (7936, 4608), (7936, 4864)]","(7808, 4736)",test
2_38,"[(9728, 512), (9728, 768), (9984, 512), (9984, 768)]","(9856, 640)",test
5_41,"[(10496, 1280), (10496, 1536), (10752, 1280), (10752, 1536)]","(10624, 1408)",test
7_20,"[(5120, 1792), (5120, 2048), (5376, 1792), (5376, 2048)]","(5248, 1920)",test
7_35,"[(8960, 1792), (8960, 2048), (9216, 1792), (9216, 2048)]","(9088, 1920)",test
8_34,"[(8704, 2048), (8704, 2304), (8960, 2048), (8960, 2304)]","(8832, 2176)",test
17_10,"[(2560, 4352), (2560, 4608), (2816, 4352), (2816, 4608)]","(2688, 4480)",test
18_32,"[(8192, 4608), (8192, 4864), (8448, 4608), (8448, 4864)]","(8320, 4736)",test
18_42,"[(10752, 4608), (10752, 4864), (11008, 4608), (11008, 4864)]","(10880, 4736)",test
18_6,"[(1536, 4608), (1536, 4864), (1792, 4608), (1792, 4864)]","(1664, 4736)",test
19_26,"[(6656, 4864), (6656, 5120), (6912, 4864), (6912, 5120)]","(6784, 4992)",test
20_28,"[(7168, 5120), (7168, 5376), (7424, 5120), (7424, 5376)]","(7296, 5248)",test
6_7,"[(1792, 1536), (1792, 1792), (2048, 1536), (2048, 1792)]","(1920, 1664)",test
21_25,"[(6400, 5376), (6400, 5632), (6656, 5376), (6656, 5632)]","(6528, 5504)",test
3_27,"[(6912, 768), (6912, 1024), (7168, 768), (7168, 1024)]","(7040, 896)",test
3_38,"[(9728, 768), (9728, 1024), (9984, 768), (9984, 1024)]","(9856, 896)",test
9_30,"[(7680, 2304), (7680, 2560), (7936, 2304), (7936, 2560)]","(7808, 2432)",test
10_2,"[(512, 2560), (512, 2816), (768, 2560), (768, 2816)]","(640, 2688)",test
14_20,"[(5120, 3584), (5120, 3840), (5376, 3584), (5376, 3840)]","(5248, 3712)",test
15_0,"[(0, 3840), (0, 4096), (256, 3840), (256, 4096)]","(128, 3968)",test
4_23,"[(5888, 1024), (5888, 1280), (6144, 1024), (6144, 1280)]","(6016, 1152)",test
4_42,"[(10752, 1024), (10752, 1280), (11008, 1024), (11008, 1280)]","(10880, 1152)",test
0_2,"[(512, 0), (512, 256), (768, 0), (768, 256)]","(640, 128)",test
12_10,"[(2560, 3072), (2560, 3328), (2816, 3072), (2816, 3328)]","(2688, 3200)",test
4_20,"[(5120, 1024), (5120, 1280), (5376, 1024), (5376, 1280)]","(5248, 1152)",test
6_18,"[(4608, 1536), (4608, 1792), (4864, 1536), (4864, 1792)]","(4736, 1664)",test
11_42,"[(10752, 2816), (10752, 3072), (11008, 2816), (11008, 3072)]","(10880, 2944)",test
19_13,"[(3328, 4864), (3328, 5120), (3584, 4864), (3584, 5120)]","(3456, 4992)",test
21_6,"[(1536, 5376), (1536, 5632), (1792, 5376), (1792, 5632)]","(1664, 5504)",test
3_36,"[(9216, 768), (9216, 1024), (9472, 768), (9472, 1024)]","(9344, 896)",test
7_7,"[(1792, 1792), (1792, 2048), (2048, 1792), (2048, 2048)]","(1920, 1920)",test
18_19,"[(4864, 4608), (4864, 4864), (5120, 4608), (5120, 4864)]","(4992, 4736)",test
9_31,"[(7936, 2304), (7936, 2560), (8192, 2304), (8192, 2560)]","(8064, 2432)",test
2_22,"[(5632, 512), (5632, 768), (5888, 512), (5888, 768)]","(5760, 640)",test
2_8,"[(2048, 512), (2048, 768), (2304, 512), (2304, 768)]","(2176, 640)",test
4_19,"[(4864, 1024), (4864, 1280), (5120, 1024), (5120, 1280)]","(4992, 1152)",test
11_20,"[(5120, 2816), (5120, 3072), (5376, 2816), (5376, 3072)]","(5248, 2944)",test
18_26,"[(6656, 4608), (6656, 4864), (6912, 4608), (6912, 4864)]","(6784, 4736)",test
6_10,"[(2560, 1536), (2560, 1792), (2816, 1536), (2816, 1792)]","(2688, 1664)",test
2_9,"[(2304, 512), (2304, 768), (2560, 512), (2560, 768)]","(2432, 640)",test
3_13,"[(3328, 768), (3328, 1024), (3584, 768), (3584, 1024)]","(3456, 896)",test
1_0,"[(0, 256), (0, 512), (256, 256), (256, 512)]","(128, 384)",test
11_39,"[(9984, 2816), (9984, 3072), (10240, 2816), (10240, 3072)]","(10112, 2944)",test
12_3,"[(768, 3072), (768, 3328), (1024, 3072), (1024, 3328)]","(896, 3200)",test
15_20,"[(5120, 3840), (5120, 4096), (5376, 3840), (5376, 4096)]","(5248, 3968)",test
19_22,"[(5632, 4864), (5632, 5120), (5888, 4864), (5888, 5120)]","(5760, 4992)",test
7_41,"[(10496, 1792), (10496, 2048), (10752, 1792), (10752, 2048)]","(10624, 1920)",test
0_21,"[(5376, 0), (5376, 256), (5632, 0), (5632, 256)]","(5504, 128)",test
0_31,"[(7936, 0), (7936, 256), (8192, 0), (8192, 256)]","(8064, 128)",test
4_0,"[(0, 1024), (0, 1280), (256, 1024), (256, 1280)]","(128, 1152)",test
5_37,"[(9472, 1280), (9472, 1536), (9728, 1280), (9728, 1536)]","(9600, 1408)",test
7_11,"[(2816, 1792), (2816, 2048), (3072, 1792), (3072, 2048)]","(2944, 1920)",test
8_32,"[(8192, 2048), (8192, 2304), (8448, 2048), (8448, 2304)]","(8320, 2176)",test
8_41,"[(10496, 2048), (10496, 2304), (10752, 2048), (10752, 2304)]","(10624, 2176)",test
8_7,"[(1792, 2048), (1792, 2304), (2048, 2048), (2048, 2304)]","(1920, 2176)",test
15_24,"[(6144, 3840), (6144, 4096), (6400, 3840), (6400, 4096)]","(6272, 3968)",test
15_38,"[(9728, 3840), (9728, 4096), (9984, 3840), (9984, 4096)]","(9856, 3968)",test
21_12,"[(3072, 5376), (3072, 5632), (3328, 5376), (3328, 5632)]","(3200, 5504)",test
5_13,"[(3328, 1280), (3328, 1536), (3584, 1280), (3584, 1536)]","(3456, 1408)",test
7_1,"[(256, 1792), (256, 2048), (512, 1792), (512, 2048)]","(384, 1920)",test
9_21,"[(5376, 2304), (5376, 2560), (5632, 2304), (5632, 2560)]","(5504, 2432)",test
4_17,"[(4352, 1024), (4352, 1280), (4608, 1024), (4608, 1280)]","(4480, 1152)",test
0_1,"[(256, 0), (256, 256), (512, 0), (512, 256)]","(384, 128)",test
0_17,"[(4352, 0), (4352, 256), (4608, 0), (4608, 256)]","(4480, 128)",test
10_8,"[(2048, 2560), (2048, 2816), (2304, 2560), (2304, 2816)]","(2176, 2688)",test
18_17,"[(4352, 4608), (4352, 4864), (4608, 4608), (4608, 4864)]","(4480, 4736)",test
9_35,"[(8960, 2304), (8960, 2560), (9216, 2304), (9216, 2560)]","(9088, 2432)",test
20_40,"[(10240, 5120), (10240, 5376), (10496, 5120), (10496, 5376)]","(10368, 5248)",test
10_33,"[(8448, 2560), (8448, 2816), (8704, 2560), (8704, 2816)]","(8576, 2688)",test
12_2,"[(512, 3072), (512, 3328), (768, 3072), (768, 3328)]","(640, 3200)",test
12_27,"[(6912, 3072), (6912, 3328), (7168, 3072), (7168, 3328)]","(7040, 3200)",test
2_31,"[(7936, 512), (7936, 768), (8192, 512), (8192, 768)]","(8064, 640)",test
11_12,"[(3072, 2816), (3072, 3072), (3328, 2816), (3328, 3072)]","(3200, 2944)",test
19_18,"[(4608, 4864), (4608, 5120), (4864, 4864), (4864, 5120)]","(4736, 4992)",test
4_2,"[(512, 1024), (512, 1280), (768, 1024), (768, 1280)]","(640, 1152)",test
5_25,"[(6400, 1280), (6400, 1536), (6656, 1280), (6656, 1536)]","(6528, 1408)",test
11_14,"[(3584, 2816), (3584, 3072), (3840, 2816), (3840, 3072)]","(3712, 2944)",test
17_40,"[(10240, 4352), (10240, 4608), (10496, 4352), (10496, 4608)]","(10368, 4480)",test
8_30,"[(7680, 2048), (7680, 2304), (7936, 2048), (7936, 2304)]","(7808, 2176)",test
0_29,"[(7424, 0), (7424, 256), (7680, 0), (7680, 256)]","(7552, 128)",test
13_35,"[(8960, 3328), (8960, 3584), (9216, 3328), (9216, 3584)]","(9088, 3456)",test
19_30,"[(7680, 4864), (7680, 5120), (7936, 4864), (7936, 5120)]","(7808, 4992)",test
2_40,"[(10240, 512), (10240, 768), (10496, 512), (10496, 768)]","(10368, 640)",test
16_27,"[(6912, 4096), (6912, 4352), (7168, 4096), (7168, 4352)]","(7040, 4224)",test
2_17,"[(4352, 512), (4352, 768), (4608, 512), (4608, 768)]","(4480, 640)",test
9_28,"[(7168, 2304), (7168, 2560), (7424, 2304), (7424, 2560)]","(7296, 2432)",test
20_4,"[(1024, 5120), (1024, 5376), (1280, 5120), (1280, 5376)]","(1152, 5248)",test
11_13,"[(3328, 2816), (3328, 3072), (3584, 2816), (3584, 3072)]","(3456, 2944)",test
16_31,"[(7936, 4096), (7936, 4352), (8192, 4096), (8192, 4352)]","(8064, 4224)",test
2_26,"[(6656, 512), (6656, 768), (6912, 512), (6912, 768)]","(6784, 640)",test
4_37,"[(9472, 1024), (9472, 1280), (9728, 1024), (9728, 1280)]","(9600, 1152)",test
5_7,"[(1792, 1280), (1792, 1536), (2048, 1280), (2048, 1536)]","(1920, 1408)",test
8_9,"[(2304, 2048), (2304, 2304), (2560, 2048), (2560, 2304)]","(2432, 2176)",test
11_27,"[(6912, 2816), (6912, 3072), (7168, 2816), (7168, 3072)]","(7040, 2944)",test
15_4,"[(1024, 3840), (1024, 4096), (1280, 3840), (1280, 4096)]","(1152, 3968)",test
17_11,"[(2816, 4352), (2816, 4608), (3072, 4352), (3072, 4608)]","(2944, 4480)",test
18_39,"[(9984, 4608), (9984, 4864), (10240, 4608), (10240, 4864)]","(10112, 4736)",test
20_1,"[(256, 5120), (256, 5376), (512, 5120), (512, 5376)]","(384, 5248)",test
12_39,"[(9984, 3072), (9984, 3328), (10240, 3072), (10240, 3328)]","(10112, 3200)",test
18_37,"[(9472, 4608), (9472, 4864), (9728, 4608), (9728, 4864)]","(9600, 4736)",test
5_8,"[(2048, 1280), (2048, 1536), (2304, 1280), (2304, 1536)]","(2176, 1408)",test
1_10,"[(2560, 256), (2560, 512), (2816, 256), (2816, 512)]","(2688, 384)",test
17_4,"[(1024, 4352), (1024, 4608), (1280, 4352), (1280, 4608)]","(1152, 4480)",test
17_41,"[(10496, 4352), (10496, 4608), (10752, 4352), (10752, 4608)]","(10624, 4480)",test
2_32,"[(8192, 512), (8192, 768), (8448, 512), (8448, 768)]","(8320, 640)",test
4_32,"[(8192, 1024), (8192, 1280), (8448, 1024), (8448, 1280)]","(8320, 1152)",test
14_3,"[(768, 3584), (768, 3840), (1024, 3584), (1024, 3840)]","(896, 3712)",test
16_33,"[(8448, 4096), (8448, 4352), (8704, 4096), (8704, 4352)]","(8576, 4224)",test
4_30,"[(7680, 1024), (7680, 1280), (7936, 1024), (7936, 1280)]","(7808, 1152)",test
5_20,"[(5120, 1280), (5120, 1536), (5376, 1280), (5376, 1536)]","(5248, 1408)",test
5_5,"[(1280, 1280), (1280, 1536), (1536, 1280), (1536, 1536)]","(1408, 1408)",test
13_16,"[(4096, 3328), (4096, 3584), (4352, 3328), (4352, 3584)]","(4224, 3456)",test
14_2,"[(512, 3584), (512, 3840), (768, 3584), (768, 3840)]","(640, 3712)",test
20_18,"[(4608, 5120), (4608, 5376), (4864, 5120), (4864, 5376)]","(4736, 5248)",test
14_6,"[(1536, 3584), (1536, 3840), (1792, 3584), (1792, 3840)]","(1664, 3712)",test
8_2,"[(512, 2048), (512, 2304), (768, 2048), (768, 2304)]","(640, 2176)",test
14_28,"[(7168, 3584), (7168, 3840), (7424, 3584), (7424, 3840)]","(7296, 3712)",test
15_32,"[(8192, 3840), (8192, 4096), (8448, 3840), (8448, 4096)]","(8320, 3968)",test
19_21,"[(5376, 4864), (5376, 5120), (5632, 4864), (5632, 5120)]","(5504, 4992)",test
20_7,"[(1792, 5120), (1792, 5376), (2048, 5120), (2048, 5376)]","(1920, 5248)",test
21_11,"[(2816, 5376), (2816, 5632), (3072, 5376), (3072, 5632)]","(2944, 5504)",test
3_1,"[(256, 768), (256, 1024), (512, 768), (512, 1024)]","(384, 896)",test
5_24,"[(6144, 1280), (6144, 1536), (6400, 1280), (6400, 1536)]","(6272, 1408)",test
10_14,"[(3584, 2560), (3584, 2816), (3840, 2560), (3840, 2816)]","(3712, 2688)",test
10_35,"[(8960, 2560), (8960, 2816), (9216, 2560), (9216, 2816)]","(9088, 2688)",test
18_3,"[(768, 4608), (768, 4864), (1024, 4608), (1024, 4864)]","(896, 4736)",test
0_7,"[(1792, 0), (1792, 256), (2048, 0), (2048, 256)]","(1920, 128)",test
1_17,"[(4352, 256), (4352, 512), (4608, 256), (4608, 512)]","(4480, 384)",test
1_25,"[(6400, 256), (6400, 512), (6656, 256), (6656, 512)]","(6528, 384)",test
12_22,"[(5632, 3072), (5632, 3328), (5888, 3072), (5888, 3328)]","(5760, 3200)",test
15_23,"[(5888, 3840), (5888, 4096), (6144, 3840), (6144, 4096)]","(6016, 3968)",test
21_2,"[(512, 5376), (512, 5632), (768, 5376), (768, 5632)]","(640, 5504)",test
5_16,"[(4096, 1280), (4096, 1536), (4352, 1280), (4352, 1536)]","(4224, 1408)",test
17_7,"[(1792, 4352), (1792, 4608), (2048, 4352), (2048, 4608)]","(1920, 4480)",test
2_23,"[(5888, 512), (5888, 768), (6144, 512), (6144, 768)]","(6016, 640)",test
0_37,"[(9472, 0), (9472, 256), (9728, 0), (9728, 256)]","(9600, 128)",test
16_25,"[(6400, 4096), (6400, 4352), (6656, 4096), (6656, 4352)]","(6528, 4224)",test
8_36,"[(9216, 2048), (9216, 2304), (9472, 2048), (9472, 2304)]","(9344, 2176)",test
14_11,"[(2816, 3584), (2816, 3840), (3072, 3584), (3072, 3840)]","(2944, 3712)",test
15_39,"[(9984, 3840), (9984, 4096), (10240, 3840), (10240, 4096)]","(10112, 3968)",test
15_9,"[(2304, 3840), (2304, 4096), (2560, 3840), (2560, 4096)]","(2432, 3968)",test
17_16,"[(4096, 4352), (4096, 4608), (4352, 4352), (4352, 4608)]","(4224, 4480)",test
21_5,"[(1280, 5376), (1280, 5632), (1536, 5376), (1536, 5632)]","(1408, 5504)",test
5_0,"[(0, 1280), (0, 1536), (256, 1280), (256, 1536)]","(128, 1408)",test
6_35,"[(8960, 1536), (8960, 1792), (9216, 1536), (9216, 1792)]","(9088, 1664)",test
13_0,"[(0, 3328), (0, 3584), (256, 3328), (256, 3584)]","(128, 3456)",test
2_24,"[(6144, 512), (6144, 768), (6400, 512), (6400, 768)]","(6272, 640)",test
3_3,"[(768, 768), (768, 1024), (1024, 768), (1024, 1024)]","(896, 896)",test
3_35,"[(8960, 768), (8960, 1024), (9216, 768), (9216, 1024)]","(9088, 896)",test
10_22,"[(5632, 2560), (5632, 2816), (5888, 2560), (5888, 2816)]","(5760, 2688)",test
13_10,"[(2560, 3328), (2560, 3584), (2816, 3328), (2816, 3584)]","(2688, 3456)",test
15_34,"[(8704, 3840), (8704, 4096), (8960, 3840), (8960, 4096)]","(8832, 3968)",test
18_14,"[(3584, 4608), (3584, 4864), (3840, 4608), (3840, 4864)]","(3712, 4736)",test
18_22,"[(5632, 4608), (5632, 4864), (5888, 4608), (5888, 4864)]","(5760, 4736)",test
19_29,"[(7424, 4864), (7424, 5120), (7680, 4864), (7680, 5120)]","(7552, 4992)",test
5_39,"[(9984, 1280), (9984, 1536), (10240, 1280), (10240, 1536)]","(10112, 1408)",test
9_17,"[(4352, 2304), (4352, 2560), (4608, 2304), (4608, 2560)]","(4480, 2432)",test
12_8,"[(2048, 3072), (2048, 3328), (2304, 3072), (2304, 3328)]","(2176, 3200)",test
4_35,"[(8960, 1024), (8960, 1280), (9216, 1024), (9216, 1280)]","(9088, 1152)",test
7_24,"[(6144, 1792), (6144, 2048), (6400, 1792), (6400, 2048)]","(6272, 1920)",test
9_36,"[(9216, 2304), (9216, 2560), (9472, 2304), (9472, 2560)]","(9344, 2432)",test
10_42,"[(10752, 2560), (10752, 2816), (11008, 2560), (11008, 2816)]","(10880, 2688)",test
11_23,"[(5888, 2816), (5888, 3072), (6144, 2816), (6144, 3072)]","(6016, 2944)",test
16_23,"[(5888, 4096), (5888, 4352), (6144, 4096), (6144, 4352)]","(6016, 4224)",test
17_9,"[(2304, 4352), (2304, 4608), (2560, 4352), (2560, 4608)]","(2432, 4480)",test
5_38,"[(9728, 1280), (9728, 1536), (9984, 1280), (9984, 1536)]","(9856, 1408)",test
16_18,"[(4608, 4096), (4608, 4352), (4864, 4096), (4864, 4352)]","(4736, 4224)",test
19_42,"[(10752, 4864), (10752, 5120), (11008, 4864), (11008, 5120)]","(10880, 4992)",test
21_38,"[(9728, 5376), (9728, 5632), (9984, 5376), (9984, 5632)]","(9856, 5504)",test
6_38,"[(9728, 1536), (9728, 1792), (9984, 1536), (9984, 1792)]","(9856, 1664)",test
9_11,"[(2816, 2304), (2816, 2560), (3072, 2304), (3072, 2560)]","(2944, 2432)",test
11_7,"[(1792, 2816), (1792, 3072), (2048, 2816), (2048, 3072)]","(1920, 2944)",test
5_6,"[(1536, 1280), (1536, 1536), (1792, 1280), (1792, 1536)]","(1664, 1408)",test
0_9,"[(2304, 0), (2304, 256), (2560, 0), (2560, 256)]","(2432, 128)",test
16_24,"[(6144, 4096), (6144, 4352), (6400, 4096), (6400, 4352)]","(6272, 4224)",test
18_35,"[(8960, 4608), (8960, 4864), (9216, 4608), (9216, 4864)]","(9088, 4736)",test
11_10,"[(2560, 2816), (2560, 3072), (2816, 2816), (2816, 3072)]","(2688, 2944)",test
3_31,"[(7936, 768), (7936, 1024), (8192, 768), (8192, 1024)]","(8064, 896)",test
0_13,"[(3328, 0), (3328, 256), (3584, 0), (3584, 256)]","(3456, 128)",test
1_2,"[(512, 256), (512, 512), (768, 256), (768, 512)]","(640, 384)",test
15_29,"[(7424, 3840), (7424, 4096), (7680, 3840), (7680, 4096)]","(7552, 3968)",test
15_40,"[(10240, 3840), (10240, 4096), (10496, 3840), (10496, 4096)]","(10368, 3968)",test
16_3,"[(768, 4096), (768, 4352), (1024, 4096), (1024, 4352)]","(896, 4224)",test
19_36,"[(9216, 4864), (9216, 5120), (9472, 4864), (9472, 5120)]","(9344, 4992)",test
10_31,"[(7936, 2560), (7936, 2816), (8192, 2560), (8192, 2816)]","(8064, 2688)",test
15_12,"[(3072, 3840), (3072, 4096), (3328, 3840), (3328, 4096)]","(3200, 3968)",test
20_12,"[(3072, 5120), (3072, 5376), (3328, 5120), (3328, 5376)]","(3200, 5248)",test
5_30,"[(7680, 1280), (7680, 1536), (7936, 1280), (7936, 1536)]","(7808, 1408)",test
6_19,"[(4864, 1536), (4864, 1792), (5120, 1536), (5120, 1792)]","(4992, 1664)",test
9_0,"[(0, 2304), (0, 2560), (256, 2304), (256, 2560)]","(128, 2432)",test
0_20,"[(5120, 0), (5120, 256), (5376, 0), (5376, 256)]","(5248, 128)",test
14_4,"[(1024, 3584), (1024, 3840), (1280, 3584), (1280, 3840)]","(1152, 3712)",test
16_35,"[(8960, 4096), (8960, 4352), (9216, 4096), (9216, 4352)]","(9088, 4224)",test
16_36,"[(9216, 4096), (9216, 4352), (9472, 4096), (9472, 4352)]","(9344, 4224)",test
17_1,"[(256, 4352), (256, 4608), (512, 4352), (512, 4608)]","(384, 4480)",test
17_31,"[(7936, 4352), (7936, 4608), (8192, 4352), (8192, 4608)]","(8064, 4480)",test
4_15,"[(3840, 1024), (3840, 1280), (4096, 1024), (4096, 1280)]","(3968, 1152)",test
7_19,"[(4864, 1792), (4864, 2048), (5120, 1792), (5120, 2048)]","(4992, 1920)",test
15_1,"[(256, 3840), (256, 4096), (512, 3840), (512, 4096)]","(384, 3968)",test
19_16,"[(4096, 4864), (4096, 5120), (4352, 4864), (4352, 5120)]","(4224, 4992)",test
8_16,"[(4096, 2048), (4096, 2304), (4352, 2048), (4352, 2304)]","(4224, 2176)",test
0_33,"[(8448, 0), (8448, 256), (8704, 0), (8704, 256)]","(8576, 128)",test
12_15,"[(3840, 3072), (3840, 3328), (4096, 3072), (4096, 3328)]","(3968, 3200)",test
12_40,"[(10240, 3072), (10240, 3328), (10496, 3072), (10496, 3328)]","(10368, 3200)",test
15_31,"[(7936, 3840), (7936, 4096), (8192, 3840), (8192, 4096)]","(8064, 3968)",test
5_14,"[(3584, 1280), (3584, 1536), (3840, 1280), (3840, 1536)]","(3712, 1408)",test
14_42,"[(10752, 3584), (10752, 3840), (11008, 3584), (11008, 3840)]","(10880, 3712)",test
18_10,"[(2560, 4608), (2560, 4864), (2816, 4608), (2816, 4864)]","(2688, 4736)",test
3_28,"[(7168, 768), (7168, 1024), (7424, 768), (7424, 1024)]","(7296, 896)",test
14_25,"[(6400, 3584), (6400, 3840), (6656, 3584), (6656, 3840)]","(6528, 3712)",test
17_13,"[(3328, 4352), (3328, 4608), (3584, 4352), (3584, 4608)]","(3456, 4480)",test
18_13,"[(3328, 4608), (3328, 4864), (3584, 4608), (3584, 4864)]","(3456, 4736)",test
0_25,"[(6400, 0), (6400, 256), (6656, 0), (6656, 256)]","(6528, 128)",test
1_19,"[(4864, 256), (4864, 512), (5120, 256), (5120, 512)]","(4992, 384)",test
0_23,"[(5888, 0), (5888, 256), (6144, 0), (6144, 256)]","(6016, 128)",test
10_4,"[(1024, 2560), (1024, 2816), (1280, 2560), (1280, 2816)]","(1152, 2688)",test
13_14,"[(3584, 3328), (3584, 3584), (3840, 3328), (3840, 3584)]","(3712, 3456)",test
14_5,"[(1280, 3584), (1280, 3840), (1536, 3584), (1536, 3840)]","(1408, 3712)",test
16_11,"[(2816, 4096), (2816, 4352), (3072, 4096), (3072, 4352)]","(2944, 4224)",test
4_25,"[(6400, 1024), (6400, 1280), (6656, 1024), (6656, 1280)]","(6528, 1152)",test
5_33,"[(8448, 1280), (8448, 1536), (8704, 1280), (8704, 1536)]","(8576, 1408)",test
16_20,"[(5120, 4096), (5120, 4352), (5376, 4096), (5376, 4352)]","(5248, 4224)",test
17_28,"[(7168, 4352), (7168, 4608), (7424, 4352), (7424, 4608)]","(7296, 4480)",test
5_27,"[(6912, 1280), (6912, 1536), (7168, 1280), (7168, 1536)]","(7040, 1408)",test
7_10,"[(2560, 1792), (2560, 2048), (2816, 1792), (2816, 2048)]","(2688, 1920)",test
2_7,"[(1792, 512), (1792, 768), (2048, 512), (2048, 768)]","(1920, 640)",test
20_19,"[(4864, 5120), (4864, 5376), (5120, 5120), (5120, 5376)]","(4992, 5248)",test
8_26,"[(6656, 2048), (6656, 2304), (6912, 2048), (6912, 2304)]","(6784, 2176)",test
9_1,"[(256, 2304), (256, 2560), (512, 2304), (512, 2560)]","(384, 2432)",test
15_42,"[(10752, 3840), (10752, 4096), (11008, 3840), (11008, 4096)]","(10880, 3968)",test
9_9,"[(2304, 2304), (2304, 2560), (2560, 2304), (2560, 2560)]","(2432, 2432)",test
12_7,"[(1792, 3072), (1792, 3328), (2048, 3072), (2048, 3328)]","(1920, 3200)",test
14_27,"[(6912, 3584), (6912, 3840), (7168, 3584), (7168, 3840)]","(7040, 3712)",test
14_33,"[(8448, 3584), (8448, 3840), (8704, 3584), (8704, 3840)]","(8576, 3712)",test
19_31,"[(7936, 4864), (7936, 5120), (8192, 4864), (8192, 5120)]","(8064, 4992)",test
0_16,"[(4096, 0), (4096, 256), (4352, 0), (4352, 256)]","(4224, 128)",test
1_27,"[(6912, 256), (6912, 512), (7168, 256), (7168, 512)]","(7040, 384)",test
1_42,"[(10752, 256), (10752, 512), (11008, 256), (11008, 512)]","(10880, 384)",test
2_29,"[(7424, 512), (7424, 768), (7680, 512), (7680, 768)]","(7552, 640)",test
10_28,"[(7168, 2560), (7168, 2816), (7424, 2560), (7424, 2816)]","(7296, 2688)",test
16_28,"[(7168, 4096), (7168, 4352), (7424, 4096), (7424, 4352)]","(7296, 4224)",test
18_34,"[(8704, 4608), (8704, 4864), (8960, 4608), (8960, 4864)]","(8832, 4736)",test
20_34,"[(8704, 5120), (8704, 5376), (8960, 5120), (8960, 5376)]","(8832, 5248)",test
7_2,"[(512, 1792), (512, 2048), (768, 1792), (768, 2048)]","(640, 1920)",test
0_5,"[(1280, 0), (1280, 256), (1536, 0), (1536, 256)]","(1408, 128)",test
10_16,"[(4096, 2560), (4096, 2816), (4352, 2560), (4352, 2816)]","(4224, 2688)",test
20_15,"[(3840, 5120), (3840, 5376), (4096, 5120), (4096, 5376)]","(3968, 5248)",test
21_3,"[(768, 5376), (768, 5632), (1024, 5376), (1024, 5632)]","(896, 5504)",test
1_23,"[(5888, 256), (5888, 512), (6144, 256), (6144, 512)]","(6016, 384)",test
10_0,"[(0, 2560), (0, 2816), (256, 2560), (256, 2816)]","(128, 2688)",test
14_14,"[(3584, 3584), (3584, 3840), (3840, 3584), (3840, 3840)]","(3712, 3712)",test
14_17,"[(4352, 3584), (4352, 3840), (4608, 3584), (4608, 3840)]","(4480, 3712)",test
18_5,"[(1280, 4608), (1280, 4864), (1536, 4608), (1536, 4864)]","(1408, 4736)",test
2_3,"[(768, 512), (768, 768), (1024, 512), (1024, 768)]","(896, 640)",test
16_22,"[(5632, 4096), (5632, 4352), (5888, 4096), (5888, 4352)]","(5760, 4224)",test
21_23,"[(5888, 5376), (5888, 5632), (6144, 5376), (6144, 5632)]","(6016, 5504)",test
3_25,"[(6400, 768), (6400, 1024), (6656, 768), (6656, 1024)]","(6528, 896)",test
11_1,"[(256, 2816), (256, 3072), (512, 2816), (512, 3072)]","(384, 2944)",test
15_11,"[(2816, 3840), (2816, 4096), (3072, 3840), (3072, 4096)]","(2944, 3968)",test
15_19,"[(4864, 3840), (4864, 4096), (5120, 3840), (5120, 4096)]","(4992, 3968)",test
17_20,"[(5120, 4352), (5120, 4608), (5376, 4352), (5376, 4608)]","(5248, 4480)",test
4_5,"[(1280, 1024), (1280, 1280), (1536, 1024), (1536, 1280)]","(1408, 1152)",test
13_17,"[(4352, 3328), (4352, 3584), (4608, 3328), (4608, 3584)]","(4480, 3456)",test
3_14,"[(3584, 768), (3584, 1024), (3840, 768), (3840, 1024)]","(3712, 896)",test
3_20,"[(5120, 768), (5120, 1024), (5376, 768), (5376, 1024)]","(5248, 896)",test
7_12,"[(3072, 1792), (3072, 2048), (3328, 1792), (3328, 2048)]","(3200, 1920)",test
11_21,"[(5376, 2816), (5376, 3072), (5632, 2816), (5632, 3072)]","(5504, 2944)",test
17_42,"[(10752, 4352), (10752, 4608), (11008, 4352), (11008, 4608)]","(10880, 4480)",test
1_18,"[(4608, 256), (4608, 512), (4864, 256), (4864, 512)]","(4736, 384)",test
12_23,"[(5888, 3072), (5888, 3328), (6144, 3072), (6144, 3328)]","(6016, 3200)",test
9_13,"[(3328, 2304), (3328, 2560), (3584, 2304), (3584, 2560)]","(3456, 2432)",test
0_38,"[(9728, 0), (9728, 256), (9984, 0), (9984, 256)]","(9856, 128)",test
10_7,"[(1792, 2560), (1792, 2816), (2048, 2560), (2048, 2816)]","(1920, 2688)",test
13_23,"[(5888, 3328), (5888, 3584), (6144, 3328), (6144, 3584)]","(6016, 3456)",test
13_34,"[(8704, 3328), (8704, 3584), (8960, 3328), (8960, 3584)]","(8832, 3456)",test
19_4,"[(1024, 4864), (1024, 5120), (1280, 4864), (1280, 5120)]","(1152, 4992)",test
3_40,"[(10240, 768), (10240, 1024), (10496, 768), (10496, 1024)]","(10368, 896)",test
6_28,"[(7168, 1536), (7168, 1792), (7424, 1536), (7424, 1792)]","(7296, 1664)",test
0_26,"[(6656, 0), (6656, 256), (6912, 0), (6912, 256)]","(6784, 128)",test
11_25,"[(6400, 2816), (6400, 3072), (6656, 2816), (6656, 3072)]","(6528, 2944)",test
13_39,"[(9984, 3328), (9984, 3584), (10240, 3328), (10240, 3584)]","(10112, 3456)",test
17_30,"[(7680, 4352), (7680, 4608), (7936, 4352), (7936, 4608)]","(7808, 4480)",test
6_1,"[(256, 1536), (256, 1792), (512, 1536), (512, 1792)]","(384, 1664)",test
11_9,"[(2304, 2816), (2304, 3072), (2560, 2816), (2560, 3072)]","(2432, 2944)",test
21_31,"[(7936, 5376), (7936, 5632), (8192, 5376), (8192, 5632)]","(8064, 5504)",test
4_22,"[(5632, 1024), (5632, 1280), (5888, 1024), (5888, 1280)]","(5760, 1152)",test
17_21,"[(5376, 4352), (5376, 4608), (5632, 4352), (5632, 4608)]","(5504, 4480)",test
7_17,"[(4352, 1792), (4352, 2048), (4608, 1792), (4608, 2048)]","(4480, 1920)",test
7_9,"[(2304, 1792), (2304, 2048), (2560, 1792), (2560, 2048)]","(2432, 1920)",test
8_13,"[(3328, 2048), (3328, 2304), (3584, 2048), (3584, 2304)]","(3456, 2176)",test
12_18,"[(4608, 3072), (4608, 3328), (4864, 3072), (4864, 3328)]","(4736, 3200)",test
12_6,"[(1536, 3072), (1536, 3328), (1792, 3072), (1792, 3328)]","(1664, 3200)",test
19_38,"[(9728, 4864), (9728, 5120), (9984, 4864), (9984, 5120)]","(9856, 4992)",test
21_27,"[(6912, 5376), (6912, 5632), (7168, 5376), (7168, 5632)]","(7040, 5504)",test
2_34,"[(8704, 512), (8704, 768), (8960, 512), (8960, 768)]","(8832, 640)",test
9_5,"[(1280, 2304), (1280, 2560), (1536, 2304), (1536, 2560)]","(1408, 2432)",test
1_14,"[(3584, 256), (3584, 512), (3840, 256), (3840, 512)]","(3712, 384)",test
1_6,"[(1536, 256), (1536, 512), (1792, 256), (1792, 512)]","(1664, 384)",test
11_37,"[(9472, 2816), (9472, 3072), (9728, 2816), (9728, 3072)]","(9600, 2944)",test
13_18,"[(4608, 3328), (4608, 3584), (4864, 3328), (4864, 3584)]","(4736, 3456)",test
14_41,"[(10496, 3584), (10496, 3840), (10752, 3584), (10752, 3840)]","(10624, 3712)",test
12_24,"[(6144, 3072), (6144, 3328), (6400, 3072), (6400, 3328)]","(6272, 3200)",test
16_1,"[(256, 4096), (256, 4352), (512, 4096), (512, 4352)]","(384, 4224)",test
19_1,"[(256, 4864), (256, 5120), (512, 4864), (512, 5120)]","(384, 4992)",test
21_34,"[(8704, 5376), (8704, 5632), (8960, 5376), (8960, 5632)]","(8832, 5504)",test
6_17,"[(4352, 1536), (4352, 1792), (4608, 1536), (4608, 1792)]","(4480, 1664)",test
9_32,"[(8192, 2304), (8192, 2560), (8448, 2304), (8448, 2560)]","(8320, 2432)",test
10_19,"[(4864, 2560), (4864, 2816), (5120, 2560), (5120, 2816)]","(4992, 2688)",test
12_26,"[(6656, 3072), (6656, 3328), (6912, 3072), (6912, 3328)]","(6784, 3200)",test
13_41,"[(10496, 3328), (10496, 3584), (10752, 3328), (10752, 3584)]","(10624, 3456)",test
4_28,"[(7168, 1024), (7168, 1280), (7424, 1024), (7424, 1280)]","(7296, 1152)",test
0_11,"[(2816, 0), (2816, 256), (3072, 0), (3072, 256)]","(2944, 128)",test
11_38,"[(9728, 2816), (9728, 3072), (9984, 2816), (9984, 3072)]","(9856, 2944)",test
15_30,"[(7680, 3840), (7680, 4096), (7936, 3840), (7936, 4096)]","(7808, 3968)",test
4_11,"[(2816, 1024), (2816, 1280), (3072, 1024), (3072, 1280)]","(2944, 1152)",test
5_10,"[(2560, 1280), (2560, 1536), (2816, 1280), (2816, 1536)]","(2688, 1408)",test
6_0,"[(0, 1536), (0, 1792), (256, 1536), (256, 1792)]","(128, 1664)",test
8_20,"[(5120, 2048), (5120, 2304), (5376, 2048), (5376, 2304)]","(5248, 2176)",test
1_1,"[(256, 256), (256, 512), (512, 256), (512, 512)]","(384, 384)",test
16_7,"[(1792, 4096), (1792, 4352), (2048, 4096), (2048, 4352)]","(1920, 4224)",test
21_32,"[(8192, 5376), (8192, 5632), (8448, 5376), (8448, 5632)]","(8320, 5504)",test
3_26,"[(6656, 768), (6656, 1024), (6912, 768), (6912, 1024)]","(6784, 896)",test
9_6,"[(1536, 2304), (1536, 2560), (1792, 2304), (1792, 2560)]","(1664, 2432)",test
1_35,"[(8960, 256), (8960, 512), (9216, 256), (9216, 512)]","(9088, 384)",test
11_35,"[(8960, 2816), (8960, 3072), (9216, 2816), (9216, 3072)]","(9088, 2944)",test
13_33,"[(8448, 3328), (8448, 3584), (8704, 3328), (8704, 3584)]","(8576, 3456)",test
3_24,"[(6144, 768), (6144, 1024), (6400, 768), (6400, 1024)]","(6272, 896)",test
8_14,"[(3584, 2048), (3584, 2304), (3840, 2048), (3840, 2304)]","(3712, 2176)",test
13_6,"[(1536, 3328), (1536, 3584), (1792, 3328), (1792, 3584)]","(1664, 3456)",test
0_19,"[(4864, 0), (4864, 256), (5120, 0), (5120, 256)]","(4992, 128)",test
16_40,"[(10240, 4096), (10240, 4352), (10496, 4096), (10496, 4352)]","(10368, 4224)",test
20_16,"[(4096, 5120), (4096, 5376), (4352, 5120), (4352, 5376)]","(4224, 5248)",test
20_17,"[(4352, 5120), (4352, 5376), (4608, 5120), (4608, 5376)]","(4480, 5248)",test
1_13,"[(3328, 256), (3328, 512), (3584, 256), (3584, 512)]","(3456, 384)",test
11_0,"[(0, 2816), (0, 3072), (256, 2816), (256, 3072)]","(128, 2944)",test
16_13,"[(3328, 4096), (3328, 4352), (3584, 4096), (3584, 4352)]","(3456, 4224)",test
12_11,"[(2816, 3072), (2816, 3328), (3072, 3072), (3072, 3328)]","(2944, 3200)",test
12_20,"[(5120, 3072), (5120, 3328), (5376, 3072), (5376, 3328)]","(5248, 3200)",test
13_7,"[(1792, 3328), (1792, 3584), (2048, 3328), (2048, 3584)]","(1920, 3456)",test
14_1,"[(256, 3584), (256, 3840), (512, 3584), (512, 3840)]","(384, 3712)",test
15_26,"[(6656, 3840), (6656, 4096), (6912, 3840), (6912, 4096)]","(6784, 3968)",test
19_6,"[(1536, 4864), (1536, 5120), (1792, 4864), (1792, 5120)]","(1664, 4992)",test
6_36,"[(9216, 1536), (9216, 1792), (9472, 1536), (9472, 1792)]","(9344, 1664)",test
20_38,"[(9728, 5120), (9728, 5376), (9984, 5120), (9984, 5376)]","(9856, 5248)",test
6_12,"[(3072, 1536), (3072, 1792), (3328, 1536), (3328, 1792)]","(3200, 1664)",test
9_26,"[(6656, 2304), (6656, 2560), (6912, 2304), (6912, 2560)]","(6784, 2432)",test
10_20,"[(5120, 2560), (5120, 2816), (5376, 2560), (5376, 2816)]","(5248, 2688)",test
12_9,"[(2304, 3072), (2304, 3328), (2560, 3072), (2560, 3328)]","(2432, 3200)",test
13_1,"[(256, 3328), (256, 3584), (512, 3328), (512, 3584)]","(384, 3456)",test
21_33,"[(8448, 5376), (8448, 5632), (8704, 5376), (8704, 5632)]","(8576, 5504)",test
12_17,"[(4352, 3072), (4352, 3328), (4608, 3072), (4608, 3328)]","(4480, 3200)",test
5_35,"[(8960, 1280), (8960, 1536), (9216, 1280), (9216, 1536)]","(9088, 1408)",test
5_36,"[(9216, 1280), (9216, 1536), (9472, 1280), (9472, 1536)]","(9344, 1408)",test
8_3,"[(768, 2048), (768, 2304), (1024, 2048), (1024, 2304)]","(896, 2176)",test
9_25,"[(6400, 2304), (6400, 2560), (6656, 2304), (6656, 2560)]","(6528, 2432)",test
20_0,"[(0, 5120), (0, 5376), (256, 5120), (256, 5376)]","(128, 5248)",test
6_20,"[(5120, 1536), (5120, 1792), (5376, 1536), (5376, 1792)]","(5248, 1664)",test
6_42,"[(10752, 1536), (10752, 1792), (11008, 1536), (11008, 1792)]","(10880, 1664)",test
12_12,"[(3072, 3072), (3072, 3328), (3328, 3072), (3328, 3328)]","(3200, 3200)",test
6_5,"[(1280, 1536), (1280, 1792), (1536, 1536), (1536, 1792)]","(1408, 1664)",test
17_35,"[(8960, 4352), (8960, 4608), (9216, 4352), (9216, 4608)]","(9088, 4480)",test
5_29,"[(7424, 1280), (7424, 1536), (7680, 1280), (7680, 1536)]","(7552, 1408)",test
7_3,"[(768, 1792), (768, 2048), (1024, 1792), (1024, 2048)]","(896, 1920)",test
1_31,"[(7936, 256), (7936, 512), (8192, 256), (8192, 512)]","(8064, 384)",test
7_40,"[(10240, 1792), (10240, 2048), (10496, 1792), (10496, 2048)]","(10368, 1920)",test
9_27,"[(6912, 2304), (6912, 2560), (7168, 2304), (7168, 2560)]","(7040, 2432)",test
18_0,"[(0, 4608), (0, 4864), (256, 4608), (256, 4864)]","(128, 4736)",test
4_16,"[(4096, 1024), (4096, 1280), (4352, 1024), (4352, 1280)]","(4224, 1152)",test
8_0,"[(0, 2048), (0, 2304), (256, 2048), (256, 2304)]","(128, 2176)",test
9_20,"[(5120, 2304), (5120, 2560), (5376, 2304), (5376, 2560)]","(5248, 2432)",test
9_41,"[(10496, 2304), (10496, 2560), (10752, 2304), (10752, 2560)]","(10624, 2432)",test
0_4,"[(1024, 0), (1024, 256), (1280, 0), (1280, 256)]","(1152, 128)",test
7_5,"[(1280, 1792), (1280, 2048), (1536, 1792), (1536, 2048)]","(1408, 1920)",test
9_12,"[(3072, 2304), (3072, 2560), (3328, 2304), (3328, 2560)]","(3200, 2432)",test
0_14,"[(3584, 0), (3584, 256), (3840, 0), (3840, 256)]","(3712, 128)",test
16_29,"[(7424, 4096), (7424, 4352), (7680, 4096), (7680, 4352)]","(7552, 4224)",test
3_0,"[(0, 768), (0, 1024), (256, 768), (256, 1024)]","(128, 896)",test
0_12,"[(3072, 0), (3072, 256), (3328, 0), (3328, 256)]","(3200, 128)",test
19_35,"[(8960, 4864), (8960, 5120), (9216, 4864), (9216, 5120)]","(9088, 4992)",test
21_7,"[(1792, 5376), (1792, 5632), (2048, 5376), (2048, 5632)]","(1920, 5504)",test
9_24,"[(6144, 2304), (6144, 2560), (6400, 2304), (6400, 2560)]","(6272, 2432)",test
17_6,"[(1536, 4352), (1536, 4608), (1792, 4352), (1792, 4608)]","(1664, 4480)",test
18_27,"[(6912, 4608), (6912, 4864), (7168, 4608), (7168, 4864)]","(7040, 4736)",test
3_7,"[(1792, 768), (1792, 1024), (2048, 768), (2048, 1024)]","(1920, 896)",test
1_16,"[(4096, 256), (4096, 512), (4352, 256), (4352, 512)]","(4224, 384)",test
1_21,"[(5376, 256), (5376, 512), (5632, 256), (5632, 512)]","(5504, 384)",test
13_21,"[(5376, 3328), (5376, 3584), (5632, 3328), (5632, 3584)]","(5504, 3456)",test
14_13,"[(3328, 3584), (3328, 3840), (3584, 3584), (3584, 3840)]","(3456, 3712)",test
20_32,"[(8192, 5120), (8192, 5376), (8448, 5120), (8448, 5376)]","(8320, 5248)",test
10_27,"[(6912, 2560), (6912, 2816), (7168, 2560), (7168, 2816)]","(7040, 2688)",test
5_15,"[(3840, 1280), (3840, 1536), (4096, 1280), (4096, 1536)]","(3968, 1408)",test
9_39,"[(9984, 2304), (9984, 2560), (10240, 2304), (10240, 2560)]","(10112, 2432)",test
1_34,"[(8704, 256), (8704, 512), (8960, 256), (8960, 512)]","(8832, 384)",test
5_3,"[(768, 1280), (768, 1536), (1024, 1280), (1024, 1536)]","(896, 1408)",test
7_37,"[(9472, 1792), (9472, 2048), (9728, 1792), (9728, 2048)]","(9600, 1920)",test
15_25,"[(6400, 3840), (6400, 4096), (6656, 3840), (6656, 4096)]","(6528, 3968)",test
21_40,"[(10240, 5376), (10240, 5632), (10496, 5376), (10496, 5632)]","(10368, 5504)",test
1_33,"[(8448, 256), (8448, 512), (8704, 256), (8704, 512)]","(8576, 384)",test
12_36,"[(9216, 3072), (9216, 3328), (9472, 3072), (9472, 3328)]","(9344, 3200)",test
13_37,"[(9472, 3328), (9472, 3584), (9728, 3328), (9728, 3584)]","(9600, 3456)",test
13_38,"[(9728, 3328), (9728, 3584), (9984, 3328), (9984, 3584)]","(9856, 3456)",test
14_9,"[(2304, 3584), (2304, 3840), (2560, 3584), (2560, 3840)]","(2432, 3712)",test
19_12,"[(3072, 4864), (3072, 5120), (3328, 4864), (3328, 5120)]","(3200, 4992)",test
20_3,"[(768, 5120), (768, 5376), (1024, 5120), (1024, 5376)]","(896, 5248)",test
4_39,"[(9984, 1024), (9984, 1280), (10240, 1024), (10240, 1280)]","(10112, 1152)",test
0_28,"[(7168, 0), (7168, 256), (7424, 0), (7424, 256)]","(7296, 128)",test
15_14,"[(3584, 3840), (3584, 4096), (3840, 3840), (3840, 4096)]","(3712, 3968)",test
17_2,"[(512, 4352), (512, 4608), (768, 4352), (768, 4608)]","(640, 4480)",test
3_4,"[(1024, 768), (1024, 1024), (1280, 768), (1280, 1024)]","(1152, 896)",test
1_40,"[(10240, 256), (10240, 512), (10496, 256), (10496, 512)]","(10368, 384)",test
17_34,"[(8704, 4352), (8704, 4608), (8960, 4352), (8960, 4608)]","(8832, 4480)",test
19_37,"[(9472, 4864), (9472, 5120), (9728, 4864), (9728, 5120)]","(9600, 4992)",test
20_27,"[(6912, 5120), (6912, 5376), (7168, 5120), (7168, 5376)]","(7040, 5248)",test
10_25,"[(6400, 2560), (6400, 2816), (6656, 2560), (6656, 2816)]","(6528, 2688)",test
16_5,"[(1280, 4096), (1280, 4352), (1536, 4096), (1536, 4352)]","(1408, 4224)",test
6_24,"[(6144, 1536), (6144, 1792), (6400, 1536), (6400, 1792)]","(6272, 1664)",test
1_32,"[(8192, 256), (8192, 512), (8448, 256), (8448, 512)]","(8320, 384)",test
13_19,"[(4864, 3328), (4864, 3584), (5120, 3328), (5120, 3584)]","(4992, 3456)",test
13_4,"[(1024, 3328), (1024, 3584), (1280, 3328), (1280, 3584)]","(1152, 3456)",test
14_30,"[(7680, 3584), (7680, 3840), (7936, 3584), (7936, 3840)]","(7808, 3712)",test
14_36,"[(9216, 3584), (9216, 3840), (9472, 3584), (9472, 3840)]","(9344, 3712)",test
2_41,"[(10496, 512), (10496, 768), (10752, 512), (10752, 768)]","(10624, 640)",test
8_19,"[(4864, 2048), (4864, 2304), (5120, 2048), (5120, 2304)]","(4992, 2176)",test
10_36,"[(9216, 2560), (9216, 2816), (9472, 2560), (9472, 2816)]","(9344, 2688)",test
17_22,"[(5632, 4352), (5632, 4608), (5888, 4352), (5888, 4608)]","(5760, 4480)",test
18_21,"[(5376, 4608), (5376, 4864), (5632, 4608), (5632, 4864)]","(5504, 4736)",test
18_23,"[(5888, 4608), (5888, 4864), (6144, 4608), (6144, 4864)]","(6016, 4736)",test
16_21,"[(5376, 4096), (5376, 4352), (5632, 4096), (5632, 4352)]","(5504, 4224)",test
17_15,"[(3840, 4352), (3840, 4608), (4096, 4352), (4096, 4608)]","(3968, 4480)",test
8_1,"[(256, 2048), (256, 2304), (512, 2048), (512, 2304)]","(384, 2176)",test
10_6,"[(1536, 2560), (1536, 2816), (1792, 2560), (1792, 2816)]","(1664, 2688)",test
20_2,"[(512, 5120), (512, 5376), (768, 5120), (768, 5376)]","(640, 5248)",test
21_20,"[(5120, 5376), (5120, 5632), (5376, 5376), (5376, 5632)]","(5248, 5504)",test
21_28,"[(7168, 5376), (7168, 5632), (7424, 5376), (7424, 5632)]","(7296, 5504)",test
8_6,"[(1536, 2048), (1536, 2304), (1792, 2048), (1792, 2304)]","(1664, 2176)",test
14_37,"[(9472, 3584), (9472, 3840), (9728, 3584), (9728, 3840)]","(9600, 3712)",test
17_27,"[(6912, 4352), (6912, 4608), (7168, 4352), (7168, 4608)]","(7040, 4480)",test
0_32,"[(8192, 0), (8192, 256), (8448, 0), (8448, 256)]","(8320, 128)",test
2_21,"[(5376, 512), (5376, 768), (5632, 512), (5632, 768)]","(5504, 640)",test
4_31,"[(7936, 1024), (7936, 1280), (8192, 1024), (8192, 1280)]","(8064, 1152)",test
12_31,"[(7936, 3072), (7936, 3328), (8192, 3072), (8192, 3328)]","(8064, 3200)",test
5_4,"[(1024, 1280), (1024, 1536), (1280, 1280), (1280, 1536)]","(1152, 1408)",test
7_26,"[(6656, 1792), (6656, 2048), (6912, 1792), (6912, 2048)]","(6784, 1920)",test
2_37,"[(9472, 512), (9472, 768), (9728, 512), (9728, 768)]","(9600, 640)",test
6_30,"[(7680, 1536), (7680, 1792), (7936, 1536), (7936, 1792)]","(7808, 1664)",test
7_39,"[(9984, 1792), (9984, 2048), (10240, 1792), (10240, 2048)]","(10112, 1920)",test
11_32,"[(8192, 2816), (8192, 3072), (8448, 2816), (8448, 3072)]","(8320, 2944)",test
11_41,"[(10496, 2816), (10496, 3072), (10752, 2816), (10752, 3072)]","(10624, 2944)",test
20_21,"[(5376, 5120), (5376, 5376), (5632, 5120), (5632, 5376)]","(5504, 5248)",test
1_12,"[(3072, 256), (3072, 512), (3328, 256), (3328, 512)]","(3200, 384)",test
14_10,"[(2560, 3584), (2560, 3840), (2816, 3584), (2816, 3840)]","(2688, 3712)",test
9_4,"[(1024, 2304), (1024, 2560), (1280, 2304), (1280, 2560)]","(1152, 2432)",test
10_12,"[(3072, 2560), (3072, 2816), (3328, 2560), (3328, 2816)]","(3200, 2688)",test
17_19,"[(4864, 4352), (4864, 4608), (5120, 4352), (5120, 4608)]","(4992, 4480)",test
14_8,"[(2048, 3584), (2048, 3840), (2304, 3584), (2304, 3840)]","(2176, 3712)",test
2_14,"[(3584, 512), (3584, 768), (3840, 512), (3840, 768)]","(3712, 640)",test
10_11,"[(2816, 2560), (2816, 2816), (3072, 2560), (3072, 2816)]","(2944, 2688)",test
13_42,"[(10752, 3328), (10752, 3584), (11008, 3328), (11008, 3584)]","(10880, 3456)",test
17_32,"[(8192, 4352), (8192, 4608), (8448, 4352), (8448, 4608)]","(8320, 4480)",test
7_29,"[(7424, 1792), (7424, 2048), (7680, 1792), (7680, 2048)]","(7552, 1920)",test
2_6,"[(1536, 512), (1536, 768), (1792, 512), (1792, 768)]","(1664, 640)",test
3_42,"[(10752, 768), (10752, 1024), (11008, 768), (11008, 1024)]","(10880, 896)",test
6_16,"[(4096, 1536), (4096, 1792), (4352, 1536), (4352, 1792)]","(4224, 1664)",test
7_6,"[(1536, 1792), (1536, 2048), (1792, 1792), (1792, 2048)]","(1664, 1920)",test
19_39,"[(9984, 4864), (9984, 5120), (10240, 4864), (10240, 5120)]","(10112, 4992)",test
2_2,"[(512, 512), (512, 768), (768, 512), (768, 768)]","(640, 640)",test
15_8,"[(2048, 3840), (2048, 4096), (2304, 3840), (2304, 4096)]","(2176, 3968)",test
16_10,"[(2560, 4096), (2560, 4352), (2816, 4096), (2816, 4352)]","(2688, 4224)",test
16_14,"[(3584, 4096), (3584, 4352), (3840, 4096), (3840, 4352)]","(3712, 4224)",test
6_14,"[(3584, 1536), (3584, 1792), (3840, 1536), (3840, 1792)]","(3712, 1664)",test
8_12,"[(3072, 2048), (3072, 2304), (3328, 2048), (3328, 2304)]","(3200, 2176)",test
10_29,"[(7424, 2560), (7424, 2816), (7680, 2560), (7680, 2816)]","(7552, 2688)",test
15_21,"[(5376, 3840), (5376, 4096), (5632, 3840), (5632, 4096)]","(5504, 3968)",test
15_17,"[(4352, 3840), (4352, 4096), (4608, 3840), (4608, 4096)]","(4480, 3968)",test
18_40,"[(10240, 4608), (10240, 4864), (10496, 4608), (10496, 4864)]","(10368, 4736)",test
3_17,"[(4352, 768), (4352, 1024), (4608, 768), (4608, 1024)]","(4480, 896)",test
6_25,"[(6400, 1536), (6400, 1792), (6656, 1536), (6656, 1792)]","(6528, 1664)",test
15_27,"[(6912, 3840), (6912, 4096), (7168, 3840), (7168, 4096)]","(7040, 3968)",test
16_30,"[(7680, 4096), (7680, 4352), (7936, 4096), (7936, 4352)]","(7808, 4224)",test
6_21,"[(5376, 1536), (5376, 1792), (5632, 1536), (5632, 1792)]","(5504, 1664)",test
6_27,"[(6912, 1536), (6912, 1792), (7168, 1536), (7168, 1792)]","(7040, 1664)",test
8_40,"[(10240, 2048), (10240, 2304), (10496, 2048), (10496, 2304)]","(10368, 2176)",test
11_34,"[(8704, 2816), (8704, 3072), (8960, 2816), (8960, 3072)]","(8832, 2944)",test
2_39,"[(9984, 512), (9984, 768), (10240, 512), (10240, 768)]","(10112, 640)",test
5_2,"[(512, 1280), (512, 1536), (768, 1280), (768, 1536)]","(640, 1408)",test
11_17,"[(4352, 2816), (4352, 3072), (4608, 2816), (4608, 3072)]","(4480, 2944)",test
14_16,"[(4096, 3584), (4096, 3840), (4352, 3584), (4352, 3840)]","(4224, 3712)",test
20_23,"[(5888, 5120), (5888, 5376), (6144, 5120), (6144, 5376)]","(6016, 5248)",test
21_4,"[(1024, 5376), (1024, 5632), (1280, 5376), (1280, 5632)]","(1152, 5504)",test
4_6,"[(1536, 1024), (1536, 1280), (1792, 1024), (1792, 1280)]","(1664, 1152)",test
0_15,"[(3840, 0), (3840, 256), (4096, 0), (4096, 256)]","(3968, 128)",test
10_24,"[(6144, 2560), (6144, 2816), (6400, 2560), (6400, 2816)]","(6272, 2688)",test
12_1,"[(256, 3072), (256, 3328), (512, 3072), (512, 3328)]","(384, 3200)",test
19_5,"[(1280, 4864), (1280, 5120), (1536, 4864), (1536, 5120)]","(1408, 4992)",test
20_33,"[(8448, 5120), (8448, 5376), (8704, 5120), (8704, 5376)]","(8576, 5248)",test
14_19,"[(4864, 3584), (4864, 3840), (5120, 3584), (5120, 3840)]","(4992, 3712)",test
15_22,"[(5632, 3840), (5632, 4096), (5888, 3840), (5888, 4096)]","(5760, 3968)",test
18_12,"[(3072, 4608), (3072, 4864), (3328, 4608), (3328, 4864)]","(3200, 4736)",test
21_39,"[(9984, 5376), (9984, 5632), (10240, 5376), (10240, 5632)]","(10112, 5504)",test
6_11,"[(2816, 1536), (2816, 1792), (3072, 1536), (3072, 1792)]","(2944, 1664)",test
10_32,"[(8192, 2560), (8192, 2816), (8448, 2560), (8448, 2816)]","(8320, 2688)",test
18_20,"[(5120, 4608), (5120, 4864), (5376, 4608), (5376, 4864)]","(5248, 4736)",test
18_28,"[(7168, 4608), (7168, 4864), (7424, 4608), (7424, 4864)]","(7296, 4736)",test
0_8,"[(2048, 0), (2048, 256), (2304, 0), (2304, 256)]","(2176, 128)",test
16_4,"[(1024, 4096), (1024, 4352), (1280, 4096), (1280, 4352)]","(1152, 4224)",test
3_30,"[(7680, 768), (7680, 1024), (7936, 768), (7936, 1024)]","(7808, 896)",test
11_8,"[(2048, 2816), (2048, 3072), (2304, 2816), (2304, 3072)]","(2176, 2944)",test
17_29,"[(7424, 4352), (7424, 4608), (7680, 4352), (7680, 4608)]","(7552, 4480)",test
3_11,"[(2816, 768), (2816, 1024), (3072, 768), (3072, 1024)]","(2944, 896)",test
4_33,"[(8448, 1024), (8448, 1280), (8704, 1024), (8704, 1280)]","(8576, 1152)",test
9_14,"[(3584, 2304), (3584, 2560), (3840, 2304), (3840, 2560)]","(3712, 2432)",test
1_22,"[(5632, 256), (5632, 512), (5888, 256), (5888, 512)]","(5760, 384)",test
11_4,"[(1024, 2816), (1024, 3072), (1280, 2816), (1280, 3072)]","(1152, 2944)",test
16_39,"[(9984, 4096), (9984, 4352), (10240, 4096), (10240, 4352)]","(10112, 4224)",test
19_40,"[(10240, 4864), (10240, 5120), (10496, 4864), (10496, 5120)]","(10368, 4992)",test
7_13,"[(3328, 1792), (3328, 2048), (3584, 1792), (3584, 2048)]","(3456, 1920)",test
13_31,"[(7936, 3328), (7936, 3584), (8192, 3328), (8192, 3584)]","(8064, 3456)",test
13_9,"[(2304, 3328), (2304, 3584), (2560, 3328), (2560, 3584)]","(2432, 3456)",test
14_34,"[(8704, 3584), (8704, 3840), (8960, 3584), (8960, 3840)]","(8832, 3712)",test
18_11,"[(2816, 4608), (2816, 4864), (3072, 4608), (3072, 4864)]","(2944, 4736)",test
21_15,"[(3840, 5376), (3840, 5632), (4096, 5376), (4096, 5632)]","(3968, 5504)",test
10_9,"[(2304, 2560), (2304, 2816), (2560, 2560), (2560, 2816)]","(2432, 2688)",test
20_6,"[(1536, 5120), (1536, 5376), (1792, 5120), (1792, 5376)]","(1664, 5248)",test
18_29,"[(7424, 4608), (7424, 4864), (7680, 4608), (7680, 4864)]","(7552, 4736)",test
4_38,"[(9728, 1024), (9728, 1280), (9984, 1024), (9984, 1280)]","(9856, 1152)",test
10_40,"[(10240, 2560), (10240, 2816), (10496, 2560), (10496, 2816)]","(10368, 2688)",test
18_7,"[(1792, 4608), (1792, 4864), (2048, 4608), (2048, 4864)]","(1920, 4736)",test
20_29,"[(7424, 5120), (7424, 5376), (7680, 5120), (7680, 5376)]","(7552, 5248)",test
6_26,"[(6656, 1536), (6656, 1792), (6912, 1536), (6912, 1792)]","(6784, 1664)",test
1_30,"[(7680, 256), (7680, 512), (7936, 256), (7936, 512)]","(7808, 384)",test
13_8,"[(2048, 3328), (2048, 3584), (2304, 3328), (2304, 3584)]","(2176, 3456)",test
20_39,"[(9984, 5120), (9984, 5376), (10240, 5120), (10240, 5376)]","(10112, 5248)",test
7_22,"[(5632, 1792), (5632, 2048), (5888, 1792), (5888, 2048)]","(5760, 1920)",test
10_23,"[(5888, 2560), (5888, 2816), (6144, 2560), (6144, 2816)]","(6016, 2688)",test
12_35,"[(8960, 3072), (8960, 3328), (9216, 3072), (9216, 3328)]","(9088, 3200)",test
12_42,"[(10752, 3072), (10752, 3328), (11008, 3072), (11008, 3328)]","(10880, 3200)",test
2_10,"[(2560, 512), (2560, 768), (2816, 512), (2816, 768)]","(2688, 640)",test
2_12,"[(3072, 512), (3072, 768), (3328, 512), (3328, 768)]","(3200, 640)",test
2_5,"[(1280, 512), (1280, 768), (1536, 512), (1536, 768)]","(1408, 640)",test
3_21,"[(5376, 768), (5376, 1024), (5632, 768), (5632, 1024)]","(5504, 896)",test
6_41,"[(10496, 1536), (10496, 1792), (10752, 1536), (10752, 1792)]","(10624, 1664)",test
14_26,"[(6656, 3584), (6656, 3840), (6912, 3584), (6912, 3840)]","(6784, 3712)",test
16_17,"[(4352, 4096), (4352, 4352), (4608, 4096), (4608, 4352)]","(4480, 4224)",test
3_22,"[(5632, 768), (5632, 1024), (5888, 768), (5888, 1024)]","(5760, 896)",test
11_11,"[(2816, 2816), (2816, 3072), (3072, 2816), (3072, 3072)]","(2944, 2944)",test
11_3,"[(768, 2816), (768, 3072), (1024, 2816), (1024, 3072)]","(896, 2944)",test
14_31,"[(7936, 3584), (7936, 3840), (8192, 3584), (8192, 3840)]","(8064, 3712)",test
19_9,"[(2304, 4864), (2304, 5120), (2560, 4864), (2560, 5120)]","(2432, 4992)",test
2_1,"[(256, 512), (256, 768), (512, 512), (512, 768)]","(384, 640)",test
9_8,"[(2048, 2304), (2048, 2560), (2304, 2304), (2304, 2560)]","(2176, 2432)",test
13_20,"[(5120, 3328), (5120, 3584), (5376, 3328), (5376, 3584)]","(5248, 3456)",test
14_39,"[(9984, 3584), (9984, 3840), (10240, 3584), (10240, 3840)]","(10112, 3712)",test
15_35,"[(8960, 3840), (8960, 4096), (9216, 3840), (9216, 4096)]","(9088, 3968)",test
17_24,"[(6144, 4352), (6144, 4608), (6400, 4352), (6400, 4608)]","(6272, 4480)",test
12_32,"[(8192, 3072), (8192, 3328), (8448, 3072), (8448, 3328)]","(8320, 3200)",test
15_18,"[(4608, 3840), (4608, 4096), (4864, 3840), (4864, 4096)]","(4736, 3968)",test
16_37,"[(9472, 4096), (9472, 4352), (9728, 4096), (9728, 4352)]","(9600, 4224)",test
17_0,"[(0, 4352), (0, 4608), (256, 4352), (256, 4608)]","(128, 4480)",test
15_15,"[(3840, 3840), (3840, 4096), (4096, 3840), (4096, 4096)]","(3968, 3968)",test
19_33,"[(8448, 4864), (8448, 5120), (8704, 4864), (8704, 5120)]","(8576, 4992)",test
20_11,"[(2816, 5120), (2816, 5376), (3072, 5120), (3072, 5376)]","(2944, 5248)",test
5_28,"[(7168, 1280), (7168, 1536), (7424, 1280), (7424, 1536)]","(7296, 1408)",test
8_23,"[(5888, 2048), (5888, 2304), (6144, 2048), (6144, 2304)]","(6016, 2176)",test
0_27,"[(6912, 0), (6912, 256), (7168, 0), (7168, 256)]","(7040, 128)",test
0_42,"[(10752, 0), (10752, 256), (11008, 0), (11008, 256)]","(10880, 128)",test
20_30,"[(7680, 5120), (7680, 5376), (7936, 5120), (7936, 5376)]","(7808, 5248)",test
6_40,"[(10240, 1536), (10240, 1792), (10496, 1536), (10496, 1792)]","(10368, 1664)",test
10_30,"[(7680, 2560), (7680, 2816), (7936, 2560), (7936, 2816)]","(7808, 2688)",test
12_38,"[(9728, 3072), (9728, 3328), (9984, 3072), (9984, 3328)]","(9856, 3200)",test
7_42,"[(10752, 1792), (10752, 2048), (11008, 1792), (11008, 2048)]","(10880, 1920)",test
1_9,"[(2304, 256), (2304, 512), (2560, 256), (2560, 512)]","(2432, 384)",test
13_28,"[(7168, 3328), (7168, 3584), (7424, 3328), (7424, 3584)]","(7296, 3456)",test
19_7,"[(1792, 4864), (1792, 5120), (2048, 4864), (2048, 5120)]","(1920, 4992)",test
9_23,"[(5888, 2304), (5888, 2560), (6144, 2304), (6144, 2560)]","(6016, 2432)",test
13_13,"[(3328, 3328), (3328, 3584), (3584, 3328), (3584, 3584)]","(3456, 3456)",test
17_12,"[(3072, 4352), (3072, 4608), (3328, 4352), (3328, 4608)]","(3200, 4480)",test
2_13,"[(3328, 512), (3328, 768), (3584, 512), (3584, 768)]","(3456, 640)",test
21_10,"[(2560, 5376), (2560, 5632), (2816, 5376), (2816, 5632)]","(2688, 5504)",test
5_31,"[(7936, 1280), (7936, 1536), (8192, 1280), (8192, 1536)]","(8064, 1408)",test
6_3,"[(768, 1536), (768, 1792), (1024, 1536), (1024, 1792)]","(896, 1664)",test
0_35,"[(8960, 0), (8960, 256), (9216, 0), (9216, 256)]","(9088, 128)",test
11_31,"[(7936, 2816), (7936, 3072), (8192, 2816), (8192, 3072)]","(8064, 2944)",test
15_41,"[(10496, 3840), (10496, 4096), (10752, 3840), (10752, 4096)]","(10624, 3968)",test
20_14,"[(3584, 5120), (3584, 5376), (3840, 5120), (3840, 5376)]","(3712, 5248)",test
8_4,"[(1024, 2048), (1024, 2304), (1280, 2048), (1280, 2304)]","(1152, 2176)",test
